id,created_at,hashtag,videoID,desc,commentCount,diggCount,playCount,shareCount,downloadAddr,nickname,userid,uniqueId,u_diggCount,u_followingCount,u_heart,u_followerCount,u_heartCount,u_videoCount
119,2022-09-26 11:38:35.728478+00,macron,6989619245629869317,Pour ou contre le vaccin üíâ ? #covid #vaccin #macron,43000,1500000,16500000,30200,https://v16-webapp.tiktok.com/db21b9da43ef066e165d956d31c3dfdd/63319d5e/video/tos/useast2a/tos-useast2a-ve-0068c004/7a3b9e3975544a75b3b86c4d87e298a7/?a=1988&ch=0&cr=0&dr=0&lr=tiktok_m&cd=0%7C0%7C1%7C0&cv=1&br=3904&bt=1952&cs=0&ds=3&ft=eXd.6H-qMyq8Zpe2Ehe2NIPwyl7Gb&mime_type=video_mp4&qs=0&rc=ZjVmOTM7Njc6ZDhpNDw3OUBpMzpramQ6ZmQ0NzMzNzczM0BiYjVjXmM0NWExNmMyXjVgYSNwNDE1cjRnby1gLS1kMTZzcw%3D%3D&l=202209261138340102170950672203B995&btag=80000,TEDDY üß∏,6912421670977733633,letiktokr,2191,631,2300000,356700,2300000,51
120,2022-09-26 11:38:37.142799+00,macron,7081126313607646466,ÌîÑÎûëÏä§ ÎåÄÌÜµÎ†πÏùÑ ÌÅ¨Î¶¨Ïä§ÎßàÏä§ Ìä∏Î¶¨Î°ú ÎßåÎì§Ïñ¥Î≤ÑÎ¶∞ ÌÉÄÌûàÌã∞ #Ìã±ÌÜ°Î∞à #ÌÉÄÌûàÌã∞ #ÌÅ¨Î¶¨Ïä§ÎßàÏä§Ìä∏Î¶¨ #ÎßàÌÅ¨Î°± #tiktokmemes #macron #tahiti,12800,1400000,6700000,34700,https://v16-webapp.tiktok.com/226f4fa5d3162be0fb1e25fb394eb69b/63319d54/video/tos/alisg/tos-alisg-pve-0037/1f2e4ad1aae64a8182405ec42d1375a1/?a=1988&ch=0&cr=0&dr=0&lr=tiktok&cd=0%7C0%7C1%7C0&cv=1&br=2784&bt=1392&cs=0&ds=3&ft=eXd.6H-qMyq8ZEe2Ehe2NCkTyl7Gb&mime_type=video_mp4&qs=0&rc=aGY6ODg0aTs8NDNlOTk2OEBpM3Q0djc6Zm9tPDMzODgzNEBeNl8tY2MvXmAxNDI2YzNfYSNoZ2JtcjRnYS9gLS1kLy1zcw%3D%3D&l=202209261138360102171351370104264D&btag=80000,Nut Cracker,6674762504940749825,nutcracker51,4991,201,39700000,1200000,39700000,951
121,2022-09-26 11:38:38.589772+00,macron,6946955577352260870,How hard is it to see this Islamophobia?? #fyp #foryou #boycottfrenchproducts #macron #endislamaphobia #savethemuslims #muslimandproud @muslim,18000,1100000,4300000,38700,https://v16-webapp.tiktok.com/269ab67d724992af278955307ac64858/63319d66/video/tos/useast2a/tos-useast2a-ve-0068c004/b9510e5b1ff44bb3a0bf1a67747cd5af/?a=1988&ch=0&cr=0&dr=0&lr=tiktok_m&cd=0%7C0%7C1%7C0&cv=1&br=1762&bt=881&cs=0&ds=3&ft=eXd.6H-qMyq8ZTe2Ehe2NJ60yl7Gb&mime_type=video_mp4&qs=0&rc=MzM8ODtnZGk0MzNoNWdoaUBpMzdpdm9kO2c7NDMzNzczM0AxMDIxLy0xXy0xYWJjXy9iYSNvcjBkZ2xmamhgLS1kMTZzcw%3D%3D&l=2022092611383701022309914325040D12&btag=80000,Niamh,6914361336395957250,nevtalkspolitics,28700,133,2900000,58100,2900000,99
122,2022-09-26 11:38:39.909172+00,macron,7039756623203568902,#Macron #Europe üò§,35200,1000000,8300000,39600,https://v16-webapp.tiktok.com/97744ce22b4b3dd50b9c3e2b97314ec2/63319d59/video/tos/useast2a/tos-useast2a-pve-0068/a67ed1b6265944caa0a6a6f5f5da4c43/?a=1988&ch=0&cr=0&dr=0&lr=tiktok_m&cd=0%7C0%7C1%7C0&cv=1&br=1160&bt=580&cs=0&ds=3&ft=eXd.6H-qMyq8Z.e2Ehe2Netwyl7Gb&mime_type=video_mp4&qs=0&rc=Z2lkaGY7ZDc1OGlpZmk7OEBpams4dDY6ZnA2OTMzNzczM0BeMDQzX19hX18xLmAuNWEwYSNoY3JncjQwbm1gLS1kMTZzcw%3D%3D&l=202209261138390101920531601A03ED22&btag=80000,Jean-Luc M√©lenchon,6688169240220582917,jlmelenchon,201,19,30700000,2000000,30700000,304
123,2022-09-26 11:38:41.371206+00,macron,6949852364937432325,Entre besties √† l‚Äô√âlys√©eü•∞üá´üá∑#macron #castex #√©lys√©e #bestiesforever #foryourpage #fyp #pourtoi #pourtoii,31600,968900,8000000,91100,https://v16-webapp.tiktok.com/7b80c1042265673b6a6ec140d3c6fde5/63319d6d/video/tos/useast2a/tos-useast2a-ve-0068c003/d63b8933955c45a199be109bfa736569/?a=1988&ch=0&cr=0&dr=0&lr=tiktok_m&cd=0%7C0%7C1%7C0&cv=1&br=2474&bt=1237&cs=0&ds=3&ft=eXd.6H-qMyq8ZNh2Ehe2NUc0yl7Gb&mime_type=video_mp4&qs=0&rc=Z2loZjdoOmg8NDo8O2g7OUBpajl5ODZmdXBnNDMzNzczM0BgYy5jX2FiX2MxMTM1NWIvYSNqcS5pcnBzXm1gLS1kMTZzcw%3D%3D&l=202209261138400102230840490F0462EE&btag=80000,The Masked Sisters,6778955919624848389,the_masked_sisterss,4484,237,3400000,158200,3400000,48
124,2022-09-26 11:38:42.479115+00,macron,7059760691871304965,R√©pondre √† @louis_rq92 La crise en #Ukraine va-t-elle mener √† une guerre ? Derni√®res informations : Explications #learnontiktok #üá∫üá¶ #Russie #üá∑üá∫ #conflit #politique #otan #nato #pourtoi #guerre #üá´üá∑ #macron #presidentdelarepublique #fballetblu #politique #apprendre #actu,19700,886400,9100000,24500,https://v16-webapp.tiktok.com/18b95f00c0bda45c0bf35a4bb91517d7/63319db5/video/tos/useast2a/tos-useast2a-pve-0068/3637d75bb6514f3bad8f31588f6183e4/?a=1988&ch=0&cr=0&dr=0&lr=tiktok_m&cd=0%7C0%7C1%7C0&cv=1&br=1428&bt=714&cs=0&ds=3&ft=eXd.6H-qMyq8ZZh2Ehe2NiZ3yl7Gb&mime_type=video_mp4&qs=0&rc=aDg0MzZmMzMzOjhmOTo7NUBpanM0cWU6ZnBuOjMzNzczM0AxYjEvLy9fNV8xLzRhNGMyYSMua2BlcjRncXBgLS1kMTZzcw%3D%3D&l=202209261138420102230840490F0463E5&btag=80000,Fran√ßoise Ballet-Blu,7010116213737473030,francoiseballetblu,3,1,1400000,84500,1400000,11
125,2022-09-26 11:38:43.869871+00,macron,7101982384513453317,#CapCut #foryou #omage #soutenez #tandence2022 #rip #pourtoi #tandence #tandence #macron #duo soutenez le ‚úäü™¶üïä,15500,835400,10900000,1500,https://v16-webapp.tiktok.com/29f3c87990f139aab162584bd3bf71da/63319d5e/video/tos/useast2a/tos-useast2a-ve-0068c001/e7bf32ef35364c9a9c5df8de00a2f795/?a=1988&ch=0&cr=0&dr=0&lr=tiktok_m&cd=0%7C0%7C1%7C0&cv=1&br=2110&bt=1055&cs=0&ds=3&ft=eXd.6H-qMyq8Zah2Ehe2NbnJyl7Gb&mime_type=video_mp4&qs=0&rc=NGU1ZDg6Zjg0aDU1PDdnZ0Bpamdpd2U6ZjVuZDMzNzczM0BeNDZjYjJiXl8xLi5gNC5fYSNiYV5ucjRvcjRgLS1kMTZzcw%3D%3D&l=2022092611384301021713520223044117&btag=80000,coucou mes abo üòâ,6910576010351182849,fan_comte_ronald_rip,2541,1862,3100000,489200,3100000,59
126,2022-09-26 11:38:45.382902+00,macron,7028667129977261317,#macron #melenchon,28200,787700,6200000,31400,https://v16-webapp.tiktok.com/1d1ca72ce63271d3ac3c56166e4a995b/63319d5b/video/tos/maliva/tos-maliva-ve-0068c800-us/409c86854cf54b1692e37341b1eed3d1/?a=1988&ch=0&cr=0&dr=0&lr=tiktok_m&cd=0%7C0%7C1%7C0&cv=1&br=1616&bt=808&cs=0&ds=3&ft=eXd.6H-qMyq8Zuh2Ehe2Nuv0yl7Gb&mime_type=video_mp4&qs=0&rc=aDxlaGZlZDllZjs5Z2U1ZEBpamw8OTo6ZjNnOTMzNzczM0AwY2A1YjMwNl4xYDVeMC9eYSNwbGVmcjRvYzJgLS1kMTZzcw%3D%3D&l=2022092611384401021713513701042999&btag=80000,Jean-Luc M√©lenchon,6688169240220582917,jlmelenchon,201,19,30700000,2000000,30700000,304
127,2022-09-26 11:38:46.796295+00,macron,7076400665211260166,#courage #journaliste  #macron #pourtoi,5517,771200,7700000,3498,https://v16-webapp.tiktok.com/3faa1041fff805dec8b1f22466bad5af/63319d65/video/tos/useast2a/tos-useast2a-ve-0068c002/1c9e8a65dad4447da267eda3e8458d17/?a=1988&ch=0&cr=0&dr=0&lr=tiktok_m&cd=0%7C0%7C1%7C0&cv=1&br=866&bt=433&cs=0&ds=3&ft=eXd.6H-qMyq8Z9h2Ehe2N.Yoyl7Gb&mime_type=video_mp4&qs=0&rc=N2k8Njo2NDQ0PDgzaTw1OkBpajlvdGg6ZnM5OzMzNzczM0AwLTAyYl5hNi4xYmItXzM2YSNob3E1cjRvbW5gLS1kMTZzcw%3D%3D&l=2022092611384601021713513701042A39&btag=80000,CM,2464839,nasnasa,939,945,1900000,68000,1900000,37
128,2022-09-26 11:38:48.275359+00,macron,6963656859362331909,Mais est ce que toi t‚Äôas @emmanuelmacron holographique ?? #holographique #pokemon #cartespokemon #macron,11700,766200,9300000,50000,https://v16-webapp.tiktok.com/4e59533abb7d32ae40aec2f8c731ad23/63319d61/video/tos/useast2a/tos-useast2a-ve-0068c004/a438547a278446ecb42dbd231552e1b4/?a=1988&ch=0&cr=0&dr=0&lr=tiktok_m&cd=0%7C0%7C1%7C0&cv=1&br=4732&bt=2366&cs=0&ds=3&ft=eXd.6H-qMyq8ZGh2Ehe2NE.oyl7Gb&mime_type=video_mp4&qs=0&rc=OTZnNmZmZGk3aGhnNmY7NEBpMzp1aXQ3cjR4NTMzNzczM0A2NjFeNDZhNV8xMTViLzJiYSNfbmJzM2MtL2VgLS1kMTZzcw%3D%3D&l=2022092611384701021713520223044301&btag=80000,Alex Escalin,179708097425403904,alexescalin,14300,460,67400000,1600000,67400000,720
129,2022-09-26 11:38:49.71071+00,macron,7065278526634724614,#Macron ou #M√©lenchon ? Choisissez !,22000,755000,5800000,35400,https://v16-webapp.tiktok.com/efe00b6b1043a62d39e70f1f1a771f61/63319e0c/video/tos/useast2a/tos-useast2a-ve-0068c001/dcb5c21c817a40f885dc8d4c19c7874c/?a=1988&ch=0&cr=0&dr=0&lr=tiktok_m&cd=0%7C0%7C1%7C0&cv=1&br=1804&bt=902&cs=0&ds=3&ft=eXd.6H-qMyq8Zfh2Ehe2NIPwyl7Gb&mime_type=video_mp4&qs=0&rc=ZjY8Z2U7PGllNWk8ZWZmZ0BpajV2N2Q6ZmhoOzMzNzczM0AtMjEwLzY0XmExMzFgMS0yYSM0Nl8vcjRfZjNgLS1kMTZzcw%3D%3D&l=20220926113849010217135202230443DB&btag=80000,Jean-Luc M√©lenchon,6688169240220582917,jlmelenchon,201,19,30700000,2000000,30700000,304
130,2022-09-26 11:38:51.208824+00,macron,6989629183588617474,#french #macron #emmanuelmacron #hospitality #frenchpresident #president #un #comedy #foryou #fyp„Ç∑ #viral #trend #funnyvideo üá´üá∑üòÇ,4468,736600,4000000,24800,https://v16-webapp.tiktok.com/0215ad4cab0518a8cd123909e6c65e95/63319d6d/video/tos/alisg/tos-alisg-pve-0037c001/fddb68931cbf416aab6a1e8b10867dd8/?a=1988&ch=0&cr=0&dr=0&lr=tiktok_m&cd=0%7C0%7C1%7C0&cv=1&br=1720&bt=860&cs=0&ds=3&ft=eXd.6H-qMyq8ZRh2Ehe2NJ60yl7Gb&mime_type=video_mp4&qs=0&rc=NDU8OmQ7ZWQ5ZTdpZzVkO0BpM3Q5ZDo6ZmU1NzMzODczNEAtYDNjMS9fXzAxNTYzMTFiYSMzcF5pcjQwYS1gLS1kMS1zcw%3D%3D&l=20220926113850010217135202230444B5&btag=80000,MG√á,16145890,mustafagcc,3700,150,2500000,7477,2500000,52
131,2022-09-26 11:38:52.692302+00,macron,7142933243019447557,#criminel #adolescent #acte #france #15ans #lycee #horreur #honteux  #ensemble #gourvernement #macron #macron #septembre ,9471,726800,6600000,9576,https://v16-webapp.tiktok.com/f2f61b1c9e476e4b463975d70a17f228/63319d7e/video/tos/useast2a/tos-useast2a-ve-0068c004/06818718a9414322a86c3324e43e5836/?a=1988&ch=0&cr=0&dr=0&lr=tiktok_m&cd=0%7C0%7C1%7C0&cv=1&br=766&bt=383&cs=0&ds=3&ft=eXd.6H-qMyq8Zrh2Ehe2NQ0wyl7Gb&mime_type=video_mp4&qs=0&rc=ZGg0ZGdlMzw2NTw1ZGdoNkBpM3hndDY6ZnVmZjMzNzczM0AyYDYvNWAvX14xXzM0Ly8yYSNwNV9mcjRfa2RgLS1kMTZzcw%3D%3D&l=202209261138520102170950672203BFB3&btag=80000,Pactulitiquman19,7085475719534756869,pactulitiquman19,8226,2122,2000000,73000,2000000,72
132,2022-09-26 11:38:53.974678+00,macron,7076531996339539202,#emmanuelmacron #macron #—ç–º–º–∞–Ω—É—ç–ª—å–º–∞–∫—Ä–æ–Ω #–º–∞–∫—Ä–æ–Ω #—Å–≤–æ–±–æ–¥—É–Ω–∞–≤–∞–ª—å–Ω–æ–º—É,7191,659900,5400000,5128,https://v16-webapp.tiktok.com/c8f3b8eff2a646a6996addf721445bd6/63319d65/video/tos/alisg/tos-alisg-pve-0037/77146e0ee85044c191a2154750814d5f/?a=1988&ch=0&cr=0&dr=0&lr=tiktok&cd=0%7C0%7C0%7C0&br=1376&bt=688&cs=0&ds=2&ft=eXd.6H-qMyq8Z-h2Ehe2NkZ3yl7Gb&mime_type=video_mp4&qs=0&rc=NjU7NTwzMzc3ODVoOzc3aUBpM3R1ZGg6ZmhoOzMzODgzNEBeMzJiL18yNS0xYjItYmEtYSM0aC40cjRvNW5gLS1kLy1zcw%3D%3D&l=2022092611385301018906508006042199&btag=80000,–Ω–∞–≤–∞–ª–Ω—É–ª–µ—Ä–º–æ,6556985395094519813,navalnylermo,112000,12,6800000,47700,6800000,267
133,2022-09-26 11:38:55.339359+00,macron,7063529392529542405,On sait d√©sormais pourquoi la table entre #Poutine et #Macron √©tait aussi longue.,5960,654700,8100000,13600,https://v16-webapp.tiktok.com/a3d9a18ee54681e04923e0a7228691f9/63319d7b/video/tos/useast2a/tos-useast2a-ve-0068c001/78a21fde9fd54d8183a2e0ae1cbe3766/?a=1988&ch=0&cr=0&dr=0&lr=tiktok_m&cd=0%7C0%7C1%7C0&cv=1&br=1456&bt=728&cs=0&ds=3&ft=eXd.6H-qMyq8Zoh2Ehe2NXv0yl7Gb&mime_type=video_mp4&qs=0&rc=N2czaDZoZThmaTNmNWU6NUBpaml1bDQ6ZnhlOzMzNzczM0AvM2AyLzRgNjAxYjUzNTY0YSNhcl9pcjRvMTBgLS1kMTZzcw%3D%3D&l=202209261138540102231031430F0419F0&btag=80000,Brut.,6643426439994834950,brutofficiel,458,74,64700000,2500000,64700000,2330
134,2022-09-26 11:38:56.597445+00,macron,6942825047031696646,Chui mort comment il a le seum a la fin mdr #blanquer #jeanmichelblanquer #macron #pourtoi #drole #foryou #pourtapage,6499,654000,5100000,18100,https://v16-webapp.tiktok.com/d565ce459a1435548475cbfa79683e50/63319d75/video/tos/maliva/tos-maliva-ve-0068c800-us/4a42725cfa6a4d0cb7e77947498aea59/?a=1988&ch=0&cr=0&dr=0&lr=tiktok_m&cd=0%7C0%7C1%7C0&cv=1&br=1082&bt=541&cs=0&ds=3&ft=eXd.6H-qMyq8Z7h2Ehe2NslJLl7Gb&mime_type=video_mp4&qs=0&rc=ZTg7ZTpkOGZnZDVpOWhlN0BpM25wdTZldDp3NDMzODczM0BfYi5iMi0uNjQxYzM2NC81YSNqLXE1MmwvcWBgLS0zMTZzcw%3D%3D&l=20220926113856010189065080060422E7&btag=80000,‚ö°Ô∏èùïÑùïíùï•ùïôùïöùïñùï¶‚ö°Ô∏è,6942147353086002181,mathieu_bour,185,3,888500,56200,888500,16
135,2022-09-26 11:38:57.976751+00,macron,7087256835526266117,Macron ne veut pas faire 5 ans de plus üò¨ #election2022 #marseille #macron #fyp„Ç∑ #viral #pourtoi,8036,653700,9000000,18900,https://v16-webapp.tiktok.com/ce91bc0730601f124ee3e64ea3f8ca6a/63319d6c/video/tos/useast2a/tos-useast2a-ve-0068c003/37bd4496225d48e4b768dfadb85770f6/?a=1988&ch=0&cr=0&dr=0&lr=tiktok_m&cd=0%7C0%7C1%7C0&cv=1&br=1014&bt=507&cs=0&ds=3&ft=eXd.6H-qMyq8Z6h2Ehe2NJZ3yl7Gb&mime_type=video_mp4&qs=0&rc=aDNlN2U7O2U7N2RlM2lnOkBpajkzcWg6ZmRpPDMzNzczM0AyYTYzL18zXjUxMGJiLjU0YSNgZGYtcjQwcGFgLS1kMTZzcw%3D%3D&l=202209261138570102140290150B03F183&btag=80000,AllanPasRiche,6939088658980930565,allanpasriche,572,10,2800000,70900,2800000,117
136,2022-09-26 11:38:58.981228+00,macron,7073302989087296769,"#greenscreen lmfao , so dramati #fyp #france #macron #photoshoop #ukraine",7657,648200,2600000,4713,https://v16-webapp.tiktok.com/f04403da019d13ee57ca99fee933d17f/63319d6c/video/tos/alisg/tos-alisg-pve-0037c001/8a20bf092b1d4b4f887ff7d57c507ee0/?a=1988&ch=0&cr=0&dr=0&lr=tiktok_m&cd=0%7C0%7C1%7C0&cv=1&br=1144&bt=572&cs=0&ds=3&ft=eXd.6H-qMyq8ZPh2Ehe2NQ5eyl7Gb&mime_type=video_mp4&qs=0&rc=ZWdlZjo7aWY7Zzw2aTU7N0BpM3E5ZjY6ZjVwOzMzODczNEBhNWE1LzExXl4xMzFiXy01YSNecGlwcjRfa2hgLS1kMS1zcw%3D%3D&l=202209261138580102231230141E0484DA&btag=80000,rafehtiktok,6867168242411291654,dr_krab3,69200,950,1600000,3144,1600000,400
137,2022-09-26 11:39:00.020216+00,macron,7091599371355147525,#fyp„Ç∑ #pourtoi #macron #bfmtv #vlonewlr,7142,639700,3200000,10400,https://v16-webapp.tiktok.com/497523803f82ad447b53a57f77135bdf/63319d72/video/tos/useast2a/tos-useast2a-ve-0068c002/0429897836f4474094796125745e14f2/?a=1988&ch=0&cr=0&dr=0&lr=tiktok_m&cd=0%7C0%7C1%7C0&cv=1&br=1486&bt=743&cs=0&ds=3&ft=eXd.6H-qMyq8Zih2Ehe2NHcTyl7Gb&mime_type=video_mp4&qs=0&rc=aWZkNjY4NTY1aGRnN2U6ZkBpM2Q0dDc6ZjY5PDMzNzczM0AxMjEuNDM0NTQxYTA2YjVgYSMtM2gycjQwa2lgLS1kMTZzcw%3D%3D&l=202209261138590102140290150B03F20A&btag=80000,Tempoose,6871690870564733954,vlonewly,48800,166,1600000,27400,1600000,117
138,2022-09-26 11:39:01.078889+00,macron,7120621191018188038,√âchange fraternel avec le pr√©sident du Mexique #AMLO üá≤üáΩ (on va lui envoyer #Macron en stage),15700,635300,4400000,11200,https://v16-webapp.tiktok.com/525c3ef632f2fb4177c313f946602757/63319d8c/video/tos/useast2a/tos-useast2a-ve-0068c002/0a6ccef69799456f8b7e9dd1e12ccd82/?a=1988&ch=0&cr=0&dr=0&lr=tiktok_m&cd=0%7C0%7C1%7C0&cv=1&br=3268&bt=1634&cs=0&ds=3&ft=eXd.6H-qMyq8ZWh2Ehe2Nlcoyl7Gb&mime_type=video_mp4&qs=0&rc=ZGYzMzg2NjU6ZmVpNzpoOEBpamZ2dzk6ZjtyZTMzNzczM0BjYTQzMDAvNTQxYmMxLjA2YSNrXmJocjRnYjVgLS1kMTZzcw%3D%3D&l=2022092611390001022312107906045A03&btag=80000,Jean-Luc M√©lenchon,6688169240220582917,jlmelenchon,201,19,30700000,2000000,30700000,304
139,2022-09-26 11:39:02.137232+00,macron,7110169955529788678,–ó–µ —è–≤–Ω–æ –±—É–ª–æ –Ω–µ –∫–æ–º—Ñ–æ—Ä—Ç–Ω–æ –∑ –Ω–∏–º–∏ #–∑–µ–ª–µ–Ω—Å–∫–∏–π #volodymyrzelensky #macron #ukraine #germany #france #—É–∫—Ä–∞—ó–Ω–∞,8503,600800,5800000,2624,https://v16-webapp.tiktok.com/163476ab91a40824000c4ac8755e860a/63319d78/video/tos/useast2a/tos-useast2a-ve-0068c004/795f475d4af648bcb0c008b568e941ef/?a=1988&ch=0&cr=0&dr=0&lr=tiktok_m&cd=0%7C0%7C1%7C0&cv=1&br=1246&bt=623&cs=0&ds=3&ft=eXd.6H-qMyq8Zzh2Ehe2NSSTyl7Gb&mime_type=video_mp4&qs=0&rc=NGU6NTxnaGk7Ozg6NDQ3OEBpM2twamk6Zmo5ZDMzNzczM0BeMF5iNjEtNmMxNWAwYDExYSMtM25fcjRnX2pgLS1kMTZzcw%3D%3D&l=202209261139010102231230141E0485DA&btag=80000,ùòÑùó≤ùóπùóπùó≤ùòÄùòÅùòÅ,6552073711671279621,wellestt,1534,12,4400000,70600,4400000,112
140,2022-09-26 11:39:03.247212+00,macron,7031554448904277253,#macron #zemmour #presidentielle2022 #cotedazur #lazone #bichemaflute #vivelesbrocolis,14100,599100,3500000,34400,https://v16-webapp.tiktok.com/03d199269c1e1a7f26e7f5bf88b46cc2/63319d82/video/tos/maliva/tos-maliva-ve-0068c800-us/6b6be0fac2ee417db7694ae9922283c2/?a=1988&ch=0&cr=0&dr=0&lr=tiktok_m&cd=0%7C0%7C0%7C0&br=638&bt=319&cs=0&ds=1&ft=eXd.6H-qMyq8ZVh2Ehe2NE90yl7Gb&mime_type=video_mp4&qs=0&rc=NTZnZDo0OTU3N2Y0aTwzO0BpanQ2NDc6ZnhrOTMzNzczM0AuXmEyYTYxXi4xXjUzLjJfYSNecGFlcjRvZl5gLS1kMTZzcw%3D%3D&l=202209261139020102170940910F040787&btag=80000,David Gounot,6830339123065652229,bichemaflute,126600,699,658300,21500,658300,270
141,2022-09-26 11:39:04.664913+00,macron,6847171024069364998,Eh #Macron ! Tu hors de ma vue üôÉ #pourtoi #anissa #TikTokTutos #Melenchon #premiertiktok,28400,565400,5100000,76600,https://v16-webapp.tiktok.com/11e366dad62b98d00bc711fcdec6e7b7/63319d74/video/tos/maliva/tos-maliva-ve-0068c800-us/1d3a1539bc6d46ca8d481df5dbf46881/?a=1988&ch=0&cr=0&dr=0&lr=tiktok_m&cd=0%7C0%7C1%7C0&cv=1&br=3014&bt=1507&cs=0&ds=3&ft=eXd.6H-qMyq8ZDh2Ehe2N9H3yl7Gb&mime_type=video_mp4&qs=0&rc=NTY6ZDc3Omk5Nmg1Zzg6NEBpajV3OWc8dWszdjMzOzczM0BjYC4vLTNgNTIxMDU2MGNeYSNsbXFlb2xjZzBfLS02MTZzcw%3D%3D&l=202209261139040102231230141E048671&btag=80000,Jean-Luc M√©lenchon,6688169240220582917,jlmelenchon,201,19,30700000,2000000,30700000,304
142,2022-09-26 11:39:05.776831+00,macron,7069103873184500997,L‚Äôhomme invisible ? ü§î #pourtoi #fyp #foryou #macron #putin #erdogan #merkel #viral,14200,562900,14100000,14900,https://v16-webapp.tiktok.com/670b81b54f4a206766a0a94947464c6f/63319d77/video/tos/useast2a/tos-useast2a-ve-0068c004/4fff45cfabae4f369a981f98e496a134/?a=1988&ch=0&cr=0&dr=0&lr=tiktok_m&cd=0%7C0%7C1%7C0&cv=1&br=2100&bt=1050&cs=0&ds=3&ft=eXd.6H-qMyq8Zeh2Ehe2Necoyl7Gb&mime_type=video_mp4&qs=0&rc=PGU8aDtmZjk6MztpZTU8NEBpM3A0bmc6ZjM7OzMzNzczM0BhLi1gNS0vNjQxM2EvMDQuYSMzXzM2cjQwLmFgLS1kMTZzcw%3D%3D&l=2022092611390501021711802210040ABC&btag=80000,L.B.ONE,6792905147665777670,djlbone,1693,17,2100000,88400,2100000,85
143,2022-09-26 11:39:07.121098+00,macron,6947675198128803078,#pourtoi #discours #partage #like #commente #macron,31100,556400,3700000,63600,https://v16-webapp.tiktok.com/03388fd7f6028e2c482fdb017729afeb/63319d95/video/tos/useast2a/tos-useast2a-ve-0068c004/fd631fc6216445348321d171f8dfbd2a/?a=1988&ch=0&cr=0&dr=0&lr=tiktok_m&cd=0%7C0%7C1%7C0&cv=1&br=558&bt=279&cs=0&ds=3&ft=eXd.6H-qMyq8ZOh2Ehe2NQtoyl7Gb&mime_type=video_mp4&qs=0&rc=Zjw1aGQ5aWU1Nzc3NDpkNEBpajtmdm87dWprNDMzNzczM0BfYy8wMmM1NS4xNGMxMzAzYSNwLWBwM2xuZ2lgLS1kMTZzcw%3D%3D&l=202209261139060102231230141E048724&btag=80000,üåö,6932138994910118917,_niette.___,1431,104,617100,36300,617100,87
144,2022-09-26 11:39:08.224699+00,macron,6803702877249490181,#pourtoi #foryou #foryoupage #jedoisyaller #tik_tok #viral #foruyou #macron  et merci bienüòÇ,2304,555400,3000000,6984,https://v16-webapp.tiktok.com/4be125516ec5d9ab59af5cbdc536fb41/63319d76/video/tos/useast2a/tos-useast2a-pve-0068/74f5c91e7ea543d4a26c806b0e819d42/?a=1988&ch=0&cr=0&dr=0&lr=tiktok_m&cd=0%7C0%7C1%7C0&cv=1&br=2884&bt=1442&cs=0&ds=3&ft=eXd.6H-qMyq8Z2h2Ehe2NCkTyl7Gb&mime_type=video_mp4&qs=0&rc=NDdmOTQ3PDY7ZGdnNTZnZEBpMzp0PHg6OGdzczMzMzczM0AwYV5fMzM1XzUxL2AuMy40YSMtM2ZiLmRva2lfLS0tMTZzcw%3D%3D&l=202209261139070102231230141E048787&btag=80000,Mathis.regnier,6792285869106856965,mathis.regnier,554,12,781700,22500,781700,50
145,2022-09-26 11:39:09.650661+00,macron,7062415393213664517,LA GUERRE EST D√âCLAR√âE. #poutine #fyp #pourtoi #france #guerre #macron #viral #trend #humour #comedy  @frenchthinkman,12100,551700,6000000,55700,https://v16-webapp.tiktok.com/3e47349cfb462c17705878451c437ca7/63319da4/video/tos/useast2a/tos-useast2a-ve-0068c002/19ed721b91734ec79ac999e515dfb073/?a=1988&ch=0&cr=0&dr=0&lr=tiktok_m&cd=0%7C0%7C1%7C0&cv=1&br=732&bt=366&cs=0&ds=3&ft=eXd.6H-qMyq8Zqh2Ehe2N7Ewyl7Gb&mime_type=video_mp4&qs=0&rc=OjlmZjNmNDc7ZmhlOzdlO0BpMzQ4dmY6ZmRlOzMzNzczM0A0LzU1MDZfNTQxYTItNWNgYSNgci8zcjRfbi5gLS1kMTZzcw%3D%3D&l=202209261139080102231031430F042181&btag=80000,French ThinkMan üêì,6883563661286671361,frenchthinkman,156,27,860100,80400,860100,35
146,2022-09-26 11:39:10.662494+00,macron,7037563994982468870,Merci √† celui qui a fait ce montage üòÇ #president #macron #france #rire #fun #funny #lol #chute #happy #leomtp343 #ahah #ah #mdr,6569,531800,8300000,47200,https://v16-webapp.tiktok.com/4b2b83deb8792a369bd8fc33e95e3f06/63319d75/video/tos/useast2a/tos-useast2a-ve-0068c001/7ac16f6315b44d3aa0f66509fcc7b879/?a=1988&ch=0&cr=0&dr=0&lr=tiktok_m&cd=0%7C0%7C1%7C0&cv=1&br=924&bt=462&cs=0&ds=3&ft=eXd.6H-qMyq8Zsh2Ehe2Negwyl7Gb&mime_type=video_mp4&qs=0&rc=ZGg3PGQ8PGlmZTQ0OTc2ZkBpam52NzY6ZnY6OTMzNzczM0A2Y140MjMtNS4xMzMxLzMyYSNhNm5ocjRfMmlgLS1kMTZzcw%3D%3D&l=20220926113910010189065080060428D8&btag=80000,L√©o Britto,6909096218455917573,leomtp343,539,24,547600,24100,547600,25
147,2022-09-26 11:39:11.755009+00,macron,7127337765498326278,Macron visit Polynesia ü§£ #macron #france #polynesian #flowers #funny #president #visit #wtf #cringe,4761,524300,7900000,34900,https://v16-webapp.tiktok.com/d67f31b18576949af3eb7794ad3a6399/63319d77/video/tos/useast2a/tos-useast2a-pve-0068/05e037a88f2c484cb45b30e963653683/?a=1988&ch=0&cr=0&dr=0&lr=tiktok_m&cd=0%7C0%7C1%7C0&cv=1&br=1186&bt=593&cs=0&ds=3&ft=eXd.6H-qMyq8ZBh2Ehe2NJPwyl7Gb&mime_type=video_mp4&qs=0&rc=NGZlZTU0O2Q8PDxnZDY8NkBpM3Rqcjo6ZmpwZTMzNzczM0AuLV8xLTEuNl8xYi1hMTM2YSNkL29wcjRvMWhgLS1kMTZzcw%3D%3D&l=202209261139110101890650800604292F&btag=80000,xMilliTV,6520259739538953231,xmillitv,1442,19,524900,7733,524900,10
148,2022-09-26 11:39:12.872304+00,macron,7116044829347433734,#macron #zelenskiy #johnson #putin #üá´üá∑ #üá∫üá¶ #üá¨üáß #üá∑üá∫,262,495000,9800000,18100,https://v16-webapp.tiktok.com/6b55df25028da69b6b873d66dee17ccd/63319d86/video/tos/useast2a/tos-useast2a-ve-0068c001/a9b1c33bad3140278497e1bf912dffb1/?a=1988&ch=0&cr=0&dr=0&lr=tiktok_m&cd=0%7C0%7C1%7C0&cv=1&br=418&bt=209&cs=0&ds=3&ft=eXd.6H-qMyq8Z5h2Ehe2No1oyl7Gb&mime_type=video_mp4&qs=0&rc=aTdmODxkO2hlNTdkZjs6M0BpM2tzPGc6ZnVuZTMzNzczM0AyXy5jYzNiNi0xY14xYjMzYSM1LW1rcjRnNC1gLS1kMTZzcw%3D%3D&l=202209261139120102231230141E04889F&btag=80000,–•—Ç–æ —è?,7102409346142897158,ukr2402_22,67,316,497500,9242,497500,12
149,2022-09-26 11:39:14.881568+00,macron,7072927635772280066,Just like AOC crying at the border #macron #frenchpresident #fakephotoshoot #comedy #politicians #putin #ukraine,3835,488500,2000000,5999,https://v16-webapp.tiktok.com/6ce1da0373921348794f2a8fb2991474/63319d7c/video/tos/alisg/tos-alisg-pve-0037/fa128bef8f064b77bfefb9bbf37b901e/?a=1988&ch=0&cr=0&dr=0&lr=tiktok&cd=0%7C0%7C1%7C0&cv=1&br=1684&bt=842&cs=0&ds=3&ft=eXd.6H-qMyq8Zjh2Ehe2NFv4yl7Gb&mime_type=video_mp4&qs=0&rc=ZjVoOmhnPGY5ZTM0MzNnZUBpMzp1OjQ6Zmw0OzMzODgzNEBgYy1gLi5jNS0xYy80NWFfYSNrZS1ocjRnXmhgLS1kLy1zcw%3D%3D&l=2022092611391401019017604912041C0C&btag=80000,Akuzike N. Tinkati,6782897618479285249,akuuu_nawii,23500,81,661200,1065,661200,109
150,2022-09-26 11:39:16.345511+00,macron,7081651555417525510,Le m√©pris de Macron #Macron #travail #salaire #richesse #pauvret√©,17300,470200,8100000,18800,https://v16-webapp.tiktok.com/c8d20494db7b699de618a4be7469f04b/63319dae/video/tos/useast2a/tos-useast2a-pve-0068/9c43d1312ad144d09ce7b8d0333ab6b9/?a=1988&ch=0&cr=0&dr=0&lr=tiktok_m&cd=0%7C0%7C1%7C0&cv=1&br=2048&bt=1024&cs=0&ds=3&ft=eXd.6H-qMyq8Znh2Ehe2No4Aol7Gb&mime_type=video_mp4&qs=0&rc=NWQ0ZmZkZDtkODpmNTU3M0Bpam85djU6ZnRrPDMzNzczM0A2XjZfYDBhNi8xMzViLjMuYSNpLWRgcjRnNDBgLS1kMTZzcw%3D%3D&l=202209261139150101920501500904866E&btag=80000,Glupatate,6934788968353940486,glupatate,817,65,6300000,139900,6300000,203
151,2022-09-26 11:39:17.40264+00,macron,7107625057421184262,"En juin, une archive iconique de la politique chaque jour (9/30) #macron #emmanuelmacron #clash #politique #politiquefrancaise",5019,466400,3700000,7002,https://v16-webapp.tiktok.com/c611c28db77b7c9a4bed9c64fe828bc7/63319d87/video/tos/useast2a/tos-useast2a-ve-0068c001/a2d6e64e26ec4d3e8bb404465acc3e8c/?a=1988&ch=0&cr=0&dr=0&lr=tiktok_m&cd=0%7C0%7C1%7C0&cv=1&br=2058&bt=1029&cs=0&ds=3&ft=eXd.6H-qMyq8Z1h2Ehe2N9w9Ll7Gb&mime_type=video_mp4&qs=0&rc=NDM3aWQ6OWQzOjdoaGhmNkBpM3lxaTs6ZnVvZDMzNzczM0BjMC9fYTJfNTUxYTZhNl5hYSNqaW5mcjRfaWVgLS1kMTZzcw%3D%3D&l=2022092611391701021402902506045815&btag=80000,best_of_politique,6994810297912591365,best_of_politique,3352,1,4900000,104300,4900000,148
152,2022-09-26 11:39:18.587442+00,macron,7143724523425107205,Ce lyc√©en a ouvert les yeux d‚ÄôEmmanuel #Macron sur les probl√®mes d‚Äôorientation scolaire‚Ä¶ üßë‚Äçüéì #M#MacronQ#Quotidienl#lyceeecole,4804,466300,3500000,3266,https://v16-webapp.tiktok.com/4465fae2b4948de2479d36ec120ed1f2/63319dbf/video/tos/useast2a/tos-useast2a-ve-0068c003/443d4053545d40e89778ea199a64448a/?a=1988&ch=0&cr=0&dr=0&lr=tiktok_m&cd=0%7C0%7C1%7C0&cv=1&br=1446&bt=723&cs=0&ds=3&ft=eXd.6H-qMyq8ZFh2Ehe2NQE0yl7Gb&mime_type=video_mp4&qs=0&rc=NTk3ODM7aWQ1ZmhpOjpnNkBpanI0NmU6ZjhzZjMzNzczM0BhXjMyLjU0NWExMDAvNTAvYSNucDYycjQwa2VgLS1kMTZzcw%3D%3D&l=202209261139180102140290250604588F&btag=80000,Quotidien,6865272713831121925,qofficiel_tiktok,4,0,13100000,423800,13100000,399
153,2022-09-26 11:39:19.695529+00,macron,6819763629190024453,#police #confinement #foryou #fyp #restezchezvous #comedy#macron,3401,435900,4500000,21100,https://v16-webapp.tiktok.com/63e325b6516779b0c32c901e5539bd78/63319d84/video/tos/maliva/tos-maliva-ve-0068c800-us/8dc5475b4f1e4cb1b4461359854acb0e/?a=1988&ch=0&cr=0&dr=0&lr=tiktok_m&cd=0%7C0%7C1%7C0&cv=1&br=3070&bt=1535&cs=0&ds=3&ft=eXd.6H-qMyq8Zch2Ehe2NnYqyl7Gb&mime_type=video_mp4&qs=0&rc=ZjQ6NGU8OWk0Zmc2aWhnZUBpajozNXZ1c21kdDMzPDczM0AzYGA0LjReNTIxM2IxMWA2YSM0Z3AwZmMtaWZfLS02MTZzcw%3D%3D&l=20220926113919010192050150090487B3&btag=80000,White face,6811573046089696261,the.white.face,1227,129,2600000,211500,2600000,63
154,2022-09-26 11:39:20.751622+00,macron,6965456097939410182,Mbappe X Marseilleü•∂ #pourtoi #fyp #macron #mbappe #mcfly #carlito,3961,432200,4800000,21200,https://v16-webapp.tiktok.com/3a8b9c1a9b9a6061eff49c36cf3c3100/63319da4/video/tos/useast2a/tos-useast2a-ve-0068c004/7f7f7381c52249ed9e56420abd72acc8/?a=1988&ch=0&cr=0&dr=0&lr=tiktok_m&cd=0%7C0%7C1%7C0&cv=1&br=1592&bt=796&cs=0&ds=3&ft=eXd.6H-qMyq8Z_h2Ehe2NXYoyl7Gb&mime_type=video_mp4&qs=0&rc=NztlaDtkOGY3ZDVkaWc1NUBpam1pb2RrZm83NTMzNzczM0AwY2FhLmMxNS4xMF8uYzAyYSNtcm1sam9fXmlgLS1kMTZzcw%3D%3D&l=2022092611392001019205015009048808&btag=80000,Foot‚öΩÔ∏è,6913584827657733121,football.wirld,3203,51,2500000,143200,2500000,39
155,2022-09-26 11:39:21.893509+00,macron,7085040520422067462,Petite danse entre finalistes üá´üá∑üèÜ  #macron #emmanuelmacron #marine #lepen #election2022 #presidentielle2022 #president,8164,425400,5200000,109900,https://v16-webapp.tiktok.com/af1f12587e524f6129939ca3dc91ef64/63319d85/video/tos/useast2a/tos-useast2a-ve-0068c001/c564973febdc495f8fc204e061c4a275/?a=1988&ch=0&cr=0&dr=0&lr=tiktok_m&cd=0%7C0%7C1%7C0&cv=1&br=3512&bt=1756&cs=0&ds=3&ft=eXd.6H-qMyq8Zvh2Ehe2N8L0yl7Gb&mime_type=video_mp4&qs=0&rc=OGZlZTY3ZWUzZDY5OjtkZUBpM2p2MzM6Zm9rPDMzNzczM0A2Ml4yMGE0XjYxMzAyYF5iYSNuMzJjcjRvcDZgLS1kMTZzcw%3D%3D&l=2022092611392101021402902506045A37&btag=80000,The Masked Sisters,6778955919624848389,the_masked_sisterss,4484,237,3400000,158200,3400000,48
156,2022-09-26 11:39:22.972593+00,macron,6999908383943855365,Macron parle de kante üá´üá∑ #football#president#france#macron#fyp#tendance#viral#kante,1642,419000,3500000,5725,https://v16-webapp.tiktok.com/d2254def3bfc39fdf4b5f91fac813c11/63319dae/video/tos/maliva/tos-maliva-ve-0068c800-us/5ef0ca31c905416dbd0d831c37d674ff/?a=1988&ch=0&cr=0&dr=0&lr=tiktok_m&cd=0%7C0%7C1%7C0&cv=1&br=520&bt=260&cs=0&ds=3&ft=eXd.6H-qMyq8ZJh2Ehe2NO3oyl7Gb&mime_type=video_mp4&qs=0&rc=ZzZpZDU8ODQzMzs5NTc0ZkBpM2k4bzQ6ZndkNzMzNzczM0AvMi5iMC5fXzIxLy1gXy8vYSNkX2EucjQwamZgLS1kMTZzcw%3D%3D&l=20220926113922010192050150090488A2&btag=80000,üáµüáπ,6992192216366531590,md95.2,8399,114,1400000,93500,1400000,247
157,2022-09-26 11:39:24.040196+00,macron,6984346357570014470,Youpi ! #humour #vaccin #macron #covid #pourtoi,6266,417700,5000000,28800,https://v16-webapp.tiktok.com/ef9b96945a355bc597d03e0b54c3950e/63319d8f/video/tos/useast2a/tos-useast2a-pve-0068/8206d69606ea4cc9acaf770008578b59/?a=1988&ch=0&cr=0&dr=0&lr=tiktok_m&cd=0%7C0%7C1%7C0&cv=1&br=2516&bt=1258&cs=0&ds=3&ft=eXd.6H-qMyq8Zxh2Ehe2NE90yl7Gb&mime_type=video_mp4&qs=0&rc=ZjZlMzc2NjVnODU6PDQ3NEBpank1dWU6ZnhwNjMzNzczM0BiYzYxY15hXmMxX2FgYWFiYSNoZGQzcjRnMGpgLS1kMTZzcw%3D%3D&l=2022092611392301021402902506045B7E&btag=80000,lesfripouilles,6715302493175383046,lesfripouilles_,3362,85,26900000,1000000,26900000,200
158,2022-09-26 11:39:25.112306+00,macron,6990001727978130694,#news #macron #france,5775,826800,5200000,20200,https://v16-webapp.tiktok.com/e7c59156dcb91eb418da3cbe3501ec8c/63319d84/video/tos/useast2a/tos-useast2a-pve-0068/f0eb045709d54cd29d5640985c96f0ba/?a=1988&ch=0&cr=0&dr=0&lr=tiktok_m&cd=0%7C0%7C1%7C0&cv=1&br=2048&bt=1024&cs=0&ds=3&ft=eXd.6H-qMyq8Zyh2Ehe2NXYoyl7Gb&mime_type=video_mp4&qs=0&rc=PDU6aGczOGloOztpOjgzNUBpamR0bTk6ZnNxNzMzNzczM0AvYTMxYi80Ni4xNi8wNjE0YSNqczAucjRvZi1gLS1kMTZzcw%3D%3D&l=2022092611392401021402902506045C1F&btag=80000,The Global World News,6853721280971064321,theglobalworldnews,165,3,42700000,2500000,42700000,790
159,2022-09-26 11:39:26.177417+00,macron,7082299810006551814,Me faites pas flop svp üôèüèª #lepen #macron #lassalle #mynameis #viral #fyp„Ç∑ #pourtoi #trend #humour,3230,381200,4900000,21200,https://v16-webapp.tiktok.com/5afad59a5a47f90c57ff536f65b70558/63319da6/video/tos/useast2a/tos-useast2a-ve-0068c004/0d8885da884b4ba9b1794dbc09eb12d6/?a=1988&ch=0&cr=0&dr=0&lr=tiktok_m&cd=0%7C0%7C1%7C0&cv=1&br=2142&bt=1071&cs=0&ds=3&ft=eXd.6H-qMyq8ZQh2Ehe2N8PELl7Gb&mime_type=video_mp4&qs=0&rc=aGc1OWYzZGlnNzo6Mzk4O0BpM2k4NTg6ZnRwPDMzNzczM0AtLjE0NGEyXjQxY19jMDNjYSNkNGJtcjRnMDFgLS1kMTZzcw%3D%3D&l=202209261139250101920501500904897E&btag=80000,AllanPasRiche,6939088658980930565,allanpasriche,572,10,2800000,70900,2800000,117
160,2022-09-26 11:39:27.296991+00,macron,7068264918562213126,"""Nous r√©pondrons sans faiblesse"" - Emmanuel #Macron s'exprime sur la guerre en #Ukraine. #Russie #konbini #infos",23800,375000,4800000,28700,https://v16-webapp.tiktok.com/68456678bac71835b7bdb5503d620e9d/63319d9a/video/tos/useast2a/tos-useast2a-ve-0068c004/c5bfbe83383d40399668cdb5bda36cb8/?a=1988&ch=0&cr=0&dr=0&lr=tiktok_m&cd=0%7C0%7C1%7C0&cv=1&br=806&bt=403&cs=0&ds=3&ft=eXd.6H-qMyq8ZIh2Ehe2No1oyl7Gb&mime_type=video_mp4&qs=0&rc=PGg0MzY4OWc3Zjs2OmU4ZkBpM3FubTw6ZnhyOzMzNzczM0AwY18tNjE1NTMxMTQ1NDMtYSMwNnAzcjRfXl9gLS1kMTZzcw%3D%3D&l=20220926113926010192050150090489CA&btag=80000,Konbini,6610338608964091909,konbini,645,76,30500000,1200000,30500000,1833
161,2022-09-26 11:39:28.399304+00,macron,6996268456689536261,J‚Äôen peux plus #marinelepen #macron #election #election2017,3888,372500,2900000,4811,https://v16-webapp.tiktok.com/adf2c81ded6ae189df21f058e60ff812/63319d89/video/tos/useast2a/tos-useast2a-ve-0068c004/10fc297a2d04486e85c9f504edb4fe45/?a=1988&ch=0&cr=0&dr=0&lr=tiktok_m&cd=0%7C0%7C1%7C0&cv=1&br=1954&bt=977&cs=0&ds=3&ft=eXd.6H-qMyq8Zhh2Ehe2NSSTyl7Gb&mime_type=video_mp4&qs=0&rc=PDk0ZTg1ZzZmNzRkZDdlNUBpM3R2dmQ6Zjh1NzMzNzczM0A1NS8yLS0yNmAxXjYzNjM2YSNnaHBfcjQwbl9gLS1kMTZzcw%3D%3D&l=2022092611392801021402902506045E18&btag=80000,Extrait,6876271007355831301,extrait_sfy,31200,100,13800000,159800,13800000,1117
162,2022-09-26 11:39:29.605631+00,macron,6883952631522299138,‚õîÔ∏èContre Sens. #Macron t‚Äôes √† Contre Sens. #couvrefeu #macron20h #covid19 #humour #pourtoi #bandeorganis√©e #marseille #jul #om #melenchon,15000,369700,2800000,36700,https://v16-webapp.tiktok.com/309660ee64b7c3f1bb00377d264e418d/63319da3/video/tos/alisg/tos-alisg-pve-0037c001/b2ce345d651e436ea6b9335004c075bd/?a=1988&ch=0&cr=0&dr=0&lr=tiktok_m&cd=0%7C0%7C1%7C0&cv=1&br=1636&bt=818&cs=0&ds=3&ft=eXd.6H-qMyq8ZHh2Ehe2Njejyl7Gb&mime_type=video_mp4&qs=0&rc=OTtoNmk2Zzc8PDo2aGY6ZUBpajpnbHRpbnRleDMzaTczM0BiYDUvMWJjXl8xYi0yMmEuYSNncDExNG80YDFfLS02MTRzcw%3D%3D&l=2022092611392901019205015009048A91&btag=80000,Jean-Luc M√©lenchon,6688169240220582917,jlmelenchon,201,19,30700000,2000000,30700000,304
163,2022-09-26 11:39:30.686702+00,macron,7075028430466665734,√áa parle mais √ßa n‚Äôassume pas. üòè      #Macron #LePen #Pecresse,7419,369500,2300000,3771,https://v16-webapp.tiktok.com/e4a8553c1d2ee1cdaef60d165a6189a5/63319d8d/video/tos/useast2a/tos-useast2a-pve-0068/645f9fe8ff8e43e0bc5d6001f017e2ef/?a=1988&ch=0&cr=0&dr=0&lr=tiktok_m&cd=0%7C0%7C1%7C0&cv=1&br=1124&bt=562&cs=0&ds=3&ft=eXd.6H-qMyq8ZKh2Ehe2NJPwyl7Gb&mime_type=video_mp4&qs=0&rc=ODhpPGUzOTo2PGY5ZDk7ZkBpajRrZTM6ZnByOzMzNzczM0AwMDFgYTVhNmIxXmEuYWAvYSNvNV5icjRfbWtgLS1kMTZzcw%3D%3D&l=2022092611393001019205015009048AE8&btag=80000,Jean-Luc M√©lenchon,6688169240220582917,jlmelenchon,201,19,30700000,2000000,30700000,304
164,2022-09-26 11:39:31.788639+00,macron,6950349140308167942,QUAND MACRON PARLE DE KANTE #fyb #pourtoi #football #foryoupage #cdm #macron #reaction #drole #2018 #france #kante #mbappe #rami #pogba,1816,368200,4300000,12200,https://v16-webapp.tiktok.com/0d4bc5aeeaffd4e16615dd16af6e438f/63319db6/video/tos/maliva/tos-maliva-ve-0068c800-us/ac9d5af96210415eb6cf1d29ff1360b8/?a=1988&ch=0&cr=0&dr=0&lr=tiktok_m&cd=0%7C0%7C1%7C0&cv=1&br=484&bt=242&cs=0&ds=3&ft=eXd.6H-qMyq8ZAh2Ehe2N9w9Ll7Gb&mime_type=video_mp4&qs=0&rc=Zmk8aDY3PDs0M2c0Ozo2ZUBpam5pM2s2NGY8NDMzNzczM0BfLS9gMmEtNTMxNjFhMWI0YSNwX2xwbmZzZ25gLS1kMTZzcw%3D%3D&l=2022092611393101021402902506046058&btag=80000,alex.lbt13,6913938889992651778,alex.lbt13,2065,43,756000,93100,756000,3
165,2022-09-26 11:39:32.958093+00,macron,7056838515195170053,#macron  #brigitte  #drole,8981,366800,2900000,31500,https://v16-webapp.tiktok.com/941324bb1135abebc3ab1df3fd5f8ee3/63319d91/video/tos/useast2a/tos-useast2a-ve-0068c001/fc3d87d474614917a0fee79ff25653b1/?a=1988&ch=0&cr=0&dr=0&lr=tiktok_m&cd=0%7C0%7C1%7C0&cv=1&br=980&bt=490&cs=0&ds=3&ft=eXd.6H-qMyq8Z4h2Ehe2No1oyl7Gb&mime_type=video_mp4&qs=0&rc=NDs5OjVnNjc4NjllNWY2M0BpM2g8azM6ZmhoOjMzNzczM0AxLzM0LTFhXmIxYjMwMF42YSMzNmNqcjRvbmtgLS1kMTZzcw%3D%3D&l=2022092611393201019205015009048BBD&btag=80000,CHUTTTTTTT.........,6571492755960676358,_____familly.mouns______,1190,3982,980800,15200,980800,53
166,2022-09-26 11:39:34.210161+00,macron,7047868353024675077,Merci @davidguiraudlfi #macron #france #passsanitaire2021,3111,363200,2900000,4803,https://v16-webapp.tiktok.com/f5a009d20d0b2652a069ea07d423f0df/63319df9/video/tos/useast2a/tos-useast2a-pve-0068/ab892d94506c48e7a86e63773e52f56b/?a=1988&ch=0&cr=0&dr=0&lr=tiktok_m&cd=0%7C0%7C1%7C0&cv=1&br=694&bt=347&cs=0&ds=3&ft=eXd.6H-qMyq8Z3h2Ehe2NBdoyl7Gb&mime_type=video_mp4&qs=0&rc=Njk7OTM6Ojg7PDhoO2RmOEBpMzV2aGY6ZnNqOjMzNzczM0BeMzI0YjZhNmIxXjJgMDQ1YSNuMy1mcjRvcTRgLS1kMTZzcw%3D%3D&l=2022092611393301019020919824048629&btag=80000,AvecJLM,6680473564875621382,avecjlm,1473,83,4500000,229600,4500000,899
167,2022-09-26 11:39:35.287882+00,macron,7090234043366657285,Je meurs ü§£ü§£ü§£‚ù§Ô∏è #macron #election #president #resultat #reaction,4992,360800,3100000,6642,https://v16-webapp.tiktok.com/013b05fecf411182cb8e5cd2cf88a4a4/63319d9a/video/tos/useast2a/tos-useast2a-pve-0068/8c320ac02d4c4e2db9477f9adafe5dde/?a=1988&ch=0&cr=0&dr=0&lr=tiktok_m&cd=0%7C0%7C1%7C0&cv=1&br=2632&bt=1316&cs=0&ds=3&ft=eXd.6H-qMyq8ZSh2Ehe2Nfmwyl7Gb&mime_type=video_mp4&qs=0&rc=NTVoZGZpOjs3ZjpkZjo1NUBpanY2eTs6ZmtzPDMzNzczM0A2MWJgYl4xXjAxXjVjNC1jYSNpMy1gcjRfMWZgLS1kMTZzcw%3D%3D&l=202209261139340101920560910A04A0ED&btag=80000,LesJuml,6815935067073381382,lesjuml,31200,212,5600000,267400,5600000,367
168,2022-09-26 11:39:36.435988+00,macron,7085816848008154374,Best of politiqueüá´üá∑ #humour #politiques #pecresse #macron #lepen #melanchon #jeanmarielepen #üòÇ,3121,359800,2000000,2694,https://v16-webapp.tiktok.com/578d3927bdc915733f718fe803209328/63319db8/video/tos/useast2a/tos-useast2a-pve-0068/bb5ceccff1664672865a865ab2767a91/?a=1988&ch=0&cr=0&dr=0&lr=tiktok_m&cd=0%7C0%7C1%7C0&cv=1&br=1558&bt=779&cs=0&ds=3&ft=eXd.6H-qMyq8ZCh2Ehe2Na1Tyl7Gb&mime_type=video_mp4&qs=0&rc=N2k7Omc4Nmg2ZWgzZzU0ZEBpM29nO2k6Zjh4PDMzNzczM0BfYzUtNGFgNTAxMDFjYDUtYSNeLWBkcjRvLl5gLS1kMTZzcw%3D%3D&l=202209261139360101920560910A04A189&btag=80000,L√©o,6962946123016635397,mrn.320,93900,1074,522500,3733,522500,34
169,2022-09-26 11:39:37.479554+00,macron,7084939650879474950,Walk like a President #obama #biden #trump #macron #erdogan #putin,16000,359300,6600000,39500,https://v16-webapp.tiktok.com/8a64cc233937cd86bd820fb07013f23e/63319db2/video/tos/useast2a/tos-useast2a-pve-0068/19aeb449a078495c81ad1854c492847e/?a=1988&ch=0&cr=0&dr=0&lr=tiktok_m&cd=0%7C0%7C1%7C0&cv=1&br=1530&bt=765&cs=0&ds=3&ft=eXd.6H-qMyq8Z0h2Ehe2NIr3yl7Gb&mime_type=video_mp4&qs=0&rc=aTs5PDxnNzo1Z2VnODg5aEBpMzQ7dzU6ZnBmPDMzNzczM0AwYTMxNDZiNTUxM2IwXy5jYSNxMXBlcjRvMjZgLS1kMTZzcw%3D%3D&l=202209261139370101920560910A04A20E&btag=80000,Stefan Leonhardsberger,7050461898182165509,leonhardsberger,854,71,427900,49900,427900,17
170,2022-09-26 11:39:38.578441+00,macron,6984140166071897349,"Avec de la chance, il changera d'avis sur la r√©forme des retraites üò≠ #macron #covid19 #vaccin #drole #chasuble #fyp",10900,356100,2500000,15600,https://v16-webapp.tiktok.com/9acd4fac42c6599c33457f70d567f4ba/63319d97/video/tos/useast2a/tos-useast2a-pve-0068/22b2b97a1f854b3892efd26a87fc5bd3/?a=1988&ch=0&cr=0&dr=0&lr=tiktok_m&cd=0%7C0%7C1%7C0&cv=1&br=718&bt=359&cs=0&ds=3&ft=eXd.6H-qMyq8Zbh2Ehe2NJPwyl7Gb&mime_type=video_mp4&qs=0&rc=NDM4aWk8PGRkOjwzOzZmOEBpamhtbTg6ZnlkNjMzNzczM0BeMjVjNjVgX2AxMi9fMF9eYSMtaS1kcjQwYGpgLS1kMTZzcw%3D%3D&l=2022092611393801021709508322043EFC&btag=80000,Untypicalfrench,6803426840947819525,untypicalfrench,16900,440,373600,6018,373600,10
171,2022-09-26 11:39:39.862065+00,macron,6937637821805088005,#macron #louisvuitton,2942,355900,2200000,2916,https://v16-webapp.tiktok.com/88e65922b11ac994d996b7cf978d3e1f/63319da5/video/tos/maliva/tos-maliva-ve-0068c800-us/a30df71b840749fb9a23dac6d2f65f4c/?a=1988&ch=0&cr=0&dr=0&lr=tiktok_m&cd=0%7C0%7C1%7C0&cv=1&br=750&bt=375&cs=0&ds=3&ft=eXd.6H-qMyq8Zph2Ehe2Netwyl7Gb&mime_type=video_mp4&qs=0&rc=ZTg3NjhlPGhnZmQ1NDo8NUBpanZ2aWpodG9xNDMzNzczM0AzMjFhYzYxX2AxNDIxLjYtYSMvamxjajBlLjBgLS02MTZzcw%3D%3D&l=202209261139390101920560910A04A354&btag=80000,Akapolitics,6779337494929343494,akapolitics,2908,0,779000,20100,779000,91
172,2022-09-26 11:39:40.900408+00,macron,6895799450975964418,Pendant le confinement on s‚Äôennuie üêï‚Äçü¶∫ü§™#ra√Øka#virus#akitadog#pourtoi#fyp#puppy #puppylove#beautiful#foryou#macron##akitaamericano#dogsoftiktok#cute,3115,353100,3100000,32200,https://v16-webapp.tiktok.com/f9bd761699b91a1a5aa7cd5a63450c43/63319d9b/video/tos/alisg/tos-alisg-pve-0037c001/55e7759f9e77451d8719041b752794ef/?a=1988&ch=0&cr=0&dr=0&lr=tiktok_m&cd=0%7C0%7C0%7C0&cv=1&br=756&bt=378&cs=0&ds=6&ft=eXd.6H-qMyq8ZEh2Ehe2NEewyl7Gb&mime_type=video_mp4&qs=5&rc=OTtkOTU3ZTo7NzY3aTZpOEBpM3J5NG04OjRmeDMzNjczM0BhMGIyXzEuXzQxLmM0MC1jYSNxaDMuaC0tbm1fLS0xMTRzcw%3D%3D&l=20220926113940010223084049210455E5&btag=80000,Lorenzo Folino,6771231191804216325,raika.akita,425,101,575800,67600,575800,79
173,2022-09-26 11:39:42.027955+00,macron,6984174888001015046,C‚Äôest pour quand pr√©vu pour ?? ü§î #bayouteschiant #pourtoi #√©t√© #pluie #paris #macron,8607,352300,2800000,52000,https://v16-webapp.tiktok.com/0ae1ba83f3c665669b4b6f71758aee0f/63319dc8/video/tos/useast2a/tos-useast2a-ve-0068c002/b741e97cecb44e4c91e23b49815e2ee0/?a=1988&ch=0&cr=0&dr=0&lr=tiktok_m&cd=0%7C0%7C1%7C0&cv=1&br=1634&bt=817&cs=0&ds=3&ft=eXd.6H-qMyq8ZTh2Ehe2NCkTyl7Gb&mime_type=video_mp4&qs=0&rc=ZTlnZjg3ZDo1aTMzZDNpZEBpam9qeDc6ZndmNjMzNzczM0A1YV4vYGBiX2MxLjMwNV42YSNsM3JhcjRfX2pgLS1kMTZzcw%3D%3D&l=2022092611394101022308404921045660&btag=80000,bayousarr,6765597096427963398,bayou.sarr,1840,94,2600000,294900,2600000,252
174,2022-09-26 11:39:43.108841+00,macron,6984776717726469381,INCROYABLE ü§©üòÇ #viral #pourtoii #videodrole #vaccinationobligatoire #macron #humour #couplegoals #fyp„Ç∑,5967,348700,1600000,10400,https://v16-webapp.tiktok.com/cb0ba00f6d8f969244544311d9b48fa4/63319daa/video/tos/useast2a/tos-useast2a-pve-0068/ffbf97ed4665481f9e6c8cd9c140f663/?a=1988&ch=0&cr=0&dr=0&lr=tiktok_m&cd=0%7C0%7C1%7C0&cv=1&br=4308&bt=2154&cs=0&ds=3&ft=eXd.6H-qMyq8ZYh2Ehe2NOf3yl7Gb&mime_type=video_mp4&qs=0&rc=NmdkPDdmODM1aGc4ZDxkZ0Bpam1pdjg6ZnFoNjMzNzczM0AyYWAtXi1gNjIxMWJjMl4zYSM2NmwwcjRvZmtgLS1kMTZzcw%3D%3D&l=202209261139420101920560910A04A4CE&btag=80000,Les Mauvaises Herbes üå±,6760369903981003782,lesmauvaisesherbes,8663,151,22500000,749300,22500000,342
175,2022-09-26 11:39:44.251321+00,macron,6889132894476864769,La r√©action de tous les jeunes de France!!!üòÇ Merci Macronüò≠#macron #drole #humour #reconfinement,5033,345200,1700000,6188,https://v16-webapp.tiktok.com/0d8574560374bb88cf7c0751fa5784ee/63319dab/video/tos/alisg/tos-alisg-pve-0037c001/3438d79eb9544ac9b41023be88039820/?a=1988&ch=0&cr=0&dr=0&lr=tiktok_m&cd=0%7C0%7C1%7C0&cv=1&br=2040&bt=1020&cs=0&ds=3&ft=eXd.6H-qMyq8ZNl2Ehe2NNS0yl7Gb&mime_type=video_mp4&qs=0&rc=NGVkODNoZmlpOWloO2g5aEBpajtkNnBlbXBreDMzZDczM0AuMTU2MS80NTUxLzAyNC0vYSNfMmNeM2ptb2FfLS1fMTRzcw%3D%3D&l=2022092611394301021709508322044188&btag=80000,Tito Ribeiro,6820669186043069446,titorm3,1125,91,423600,34000,423600,150
176,2022-09-26 11:39:45.570397+00,macron,7093530691194866950,Les phrases assassines de Macron #TahaBouhafs #Macron #Bouhafs #m√©pris #CeuxQuiNeSontRien,3696,340400,2600000,12900,https://v16-webapp.tiktok.com/2c6fe2afc6e2b389f997f06c7f4f2742/63319dc8/video/tos/useast2a/tos-useast2a-ve-0068c003/ce56579860b34dcf99139116db3f7b9c/?a=1988&ch=0&cr=0&dr=0&lr=tiktok_m&cd=0%7C0%7C1%7C0&cv=1&br=1438&bt=719&cs=0&ds=3&ft=eXd.6H-qMyq8ZLl2Ehe2NIdoyl7Gb&mime_type=video_mp4&qs=0&rc=ODw8NTQ0aDM5Nzg1aWg6ZkBpajRqbDs6ZmluPDMzNzgzM0BfYjQyXzI2NjYxX18vNmEuYSNfZ2tqcjRnYGxgLS1kLzZzcw%3D%3D&l=20220926113944010217095083220441FD&btag=80000,Glupatate,6934788968353940486,glupatate,817,65,6300000,139900,6300000,203
177,2022-09-26 11:39:46.664347+00,macron,6972567045745560838,Pr√©parez vous les gars pour le 21 juinÔøºÔøº @emmanuelmacron ÔøºÔøº#fyp#for#your#page#disco#president#macron#france#pourtoi,8634,339800,1500000,9577,https://v16-webapp.tiktok.com/5dadc26d20078ec39c330d3ba6785d15/63319da5/video/tos/maliva/tos-maliva-ve-0068c800-us/667594bc057e4d9ea423ec3efa2be68d/?a=1988&ch=0&cr=0&dr=0&lr=tiktok_m&cd=0%7C0%7C1%7C0&cv=1&br=2056&bt=1028&cs=0&ds=3&ft=eXd.6H-qMyq8ZZl2Ehe2Ngmqyl7Gb&mime_type=video_mp4&qs=0&rc=aGg2Mzc2ZTs8PDZmZTs1OUBpM21vbWRmdWpyNjMzNzczM0AvXjIyLzBhXl8xNWAwYDRhYSNkcTZmcnBrZS5gLS1kMTZzcw%3D%3D&l=202209261139460101920560910A04A6AC&btag=80000,PetitLoukas,6701236262991840261,petitloukas,3501,70,441400,11200,441400,18
178,2022-09-26 11:39:47.784258+00,macron,7113657085014920454,#CapCut #foryou #omage #soutenez #tandence2022 #rip #pourtoi #tandence #macron #duo,5943,339700,7600000,1039,https://v16-webapp.tiktok.com/e286bf7b5e190c1e533d5fb84834f0a8/63319d9b/video/tos/useast2a/tos-useast2a-ve-0068c002/7ca53935f1214127ae7738a59f572148/?a=1988&ch=0&cr=0&dr=0&lr=tiktok_m&cd=0%7C0%7C1%7C0&cv=1&br=2688&bt=1344&cs=0&ds=3&ft=eXd.6H-qMyq8Zal2Ehe2N7sqyl7Gb&mime_type=video_mp4&qs=0&rc=OmY1OjM0aDppOTc6aDVkZUBpajRsd2Y6ZjlmZDMzNzczM0A1LzIwYi8tXjMxM2JhYzAzYSMwcW1wcjQwYnBgLS1kMTZzcw%3D%3D&l=2022092611394701021709508322044340&btag=80000,coucou mes abo üòâ,6910576010351182849,fan_comte_ronald_rip,2541,1862,3100000,489200,3100000,59
179,2022-09-26 11:39:49.322783+00,macron,7085739142423891206,Une p√©pite üëåüòÇ #fyp #viral #macron #pourtoi #foryou,4371,339400,4800000,17700,https://v16-webapp.tiktok.com/4efd4c3b8c32bf8401fe2b3505300d8f/63319daa/video/tos/useast2a/tos-useast2a-ve-0068c002/c2e2c6f5b0bd46d8a6e82407104bbbd8/?a=1988&ch=0&cr=0&dr=0&lr=tiktok_m&cd=0%7C0%7C1%7C0&cv=1&br=816&bt=408&cs=0&ds=3&ft=eXd.6H-qMyq8Zdl2Ehe2NIdoyl7Gb&mime_type=video_mp4&qs=0&rc=ZDxoNGVlNzo0ZDQ2aTNnOEBpamx3djs6ZjpzPDMzNzczM0BjYWJfMF8xNi8xMzIzYl5iYSMuZF8xcjRnZ15gLS1kMTZzcw%3D%3D&l=2022092611394901022308404921045990&btag=80000,;),6820353840861905926,craqqi,5527,16,465600,16500,465600,89
180,2022-09-26 11:39:50.386997+00,macron,7094590757343956229,#CapCut #foryou #omage #soutenez #tandence2022 #rip #pourtoi #tandence #duo #macron soutenez le ‚úä,6288,335100,4000000,1124,https://v16-webapp.tiktok.com/3c3d9c36656f9303bf5731f56b9b96b8/63319da0/video/tos/useast2a/tos-useast2a-ve-0068c003/db88bf8040424f99821365c53e14ec67/?a=1988&ch=0&cr=0&dr=0&lr=tiktok_m&cd=0%7C0%7C1%7C0&cv=1&br=2846&bt=1423&cs=0&ds=3&ft=eXd.6H-qMyq8Z9l2Ehe2N06eyl7Gb&mime_type=video_mp4&qs=0&rc=ZTkzNGc3OTg6aWk4PDw6Z0BpajhudDc6ZmVqPDMzNzczM0BhYjIzMmMzNmIxYS5gXi8tYSNwbWUycjRnbW5gLS1kMTZzcw%3D%3D&l=2022092611395001021709508322044480&btag=80000,coucou mes abo üòâ,6910576010351182849,fan_comte_ronald_rip,2541,1862,3100000,489200,3100000,59
181,2022-09-26 11:39:51.443298+00,macron,7069074409880915226,President Putin vs President Ukraine Zalensky moments #putin #angelamerkel #macron #zalensky #ukraine #russia üá∑üá∫üá∫üá¶üá©üá™üá®üáµ,9133,332900,6100000,5567,https://v16-webapp.tiktok.com/527a236d18a9c5b0e465582902d40a9f/63319de9/video/tos/useast2a/tos-useast2a-pve-0037-aiso/bb6df6df41a1498daf7ff5549e4aa169/?a=1988&ch=0&cr=0&dr=0&lr=tiktok&cd=0%7C0%7C1%7C0&cv=1&br=1792&bt=896&cs=0&ds=3&ft=eXd.6H-qMyq8ZGl2Ehe2Nlcoyl7Gb&mime_type=video_mp4&qs=0&rc=NDxkaGc1OTo1O2g6aWgzNEBpMzxzdmQ6ZnU5OzMzZjgzM0AtY19eMzFjNTIxXmEzMGM0YSNjZHAucjRvNmFgLS1kL2Nzcw%3D%3D&l=20220926113951010217095083220444F8&btag=80000,PaulDaniel026,6795958301333324801,paullee3012,4000,0,33100000,1200000,33100000,1098
182,2022-09-26 11:39:52.465158+00,macron,6984861673756593413,Macron d√©gage üôã‚Äç‚ôÇÔ∏è #pourtoi #pourtoii #rap #rapfrancais #1minute2rap #musique #foryou #fyp #freestylerap #freestyle #music #macron #covid #viral #fy,7380,332100,2600000,18900,https://v16-webapp.tiktok.com/46fb9da58e4599b3b442e79a6a907f2b/63319dd3/video/tos/useast2a/tos-useast2a-ve-0068c001/41fd8f129b7c4f44aaabea618ac7608d/?a=1988&ch=0&cr=0&dr=0&lr=tiktok_m&cd=0%7C0%7C1%7C0&cv=1&br=2122&bt=1061&cs=0&ds=3&ft=eXd.6H-qMyq8Zll2Ehe2NlXwyl7Gb&mime_type=video_mp4&qs=0&rc=aTw5ODQ1aDs1OTtpMzhnOEBpMztmczk6ZmVtNjMzNzczM0BgMmBjMjI0XzIxYjQ1MmNiYSM1LjYycjRfYWtgLS1kMTZzcw%3D%3D&l=2022092611395201022308404921045ACB&btag=80000,Mill√©sime K,6810480116029785094,millesime_k,333,0,6100000,672800,6100000,124
183,2022-09-26 11:39:53.785402+00,macron,7083943548101414150,Les candidats caricatur√©s √† Paris #election2022 #macron #zemmour #lepen,4709,330500,4700000,7019,https://v16-webapp.tiktok.com/31ae53e3510ce2611cbc9ca8f1e8ecc2/63319da7/video/tos/useast2a/tos-useast2a-ve-0068c002/5e599fd6b3ae4ab09d48d54010c25da4/?a=1988&ch=0&cr=0&dr=0&lr=tiktok_m&cd=0%7C0%7C1%7C0&cv=1&br=3138&bt=1569&cs=0&ds=3&ft=eXd.6H-qMyq8Zfl2Ehe2NUc0yl7Gb&mime_type=video_mp4&qs=0&rc=ODVkM2hkZjMzZzhmZDc0NUBpM2x4azg6ZjNtPDMzNzczM0AyXi40LmBfXmExNS0zMTM0YSNfMjZkcjRnZTRgLS1kMTZzcw%3D%3D&l=2022092611395301019021820106041B18&btag=80000,Pinhas Cohen,6794854865786635269,pinhascohen,3656,49,473300,8983,473300,80
184,2022-09-26 11:39:54.863926+00,macron,7089480502540913925,J‚Äô√©tais oblig√© un peu üòÖ #humour #lepen #macron,4408,320400,2000000,10400,https://v16-webapp.tiktok.com/adb1a63db3a6b1e5c37e1c1543899c9d/63319dc9/video/tos/useast2a/tos-useast2a-ve-0068c003/2081a7947f454f47a95db5672f73ff36/?a=1988&ch=0&cr=0&dr=0&lr=tiktok_m&cd=0%7C0%7C1%7C0&cv=1&br=752&bt=376&cs=0&ds=3&ft=eXd.6H-qMyq8ZRl2Ehe2NlXwyl7Gb&mime_type=video_mp4&qs=0&rc=OGhkOWZoOjc8OTQ4aWZkNkBpajN2OTM6ZnVoPDMzNzczM0A0NDUtYzE2Ni4xLWIzMTVeYSMuNnNicjRnNmVgLS1kMTZzcw%3D%3D&l=202209261139540102170950830B041EEF&btag=80000,Mehdi Donk üêµ,6803412341467268101,mehdidonk,10500,236,36700000,1000000,36700000,444
185,2022-09-26 11:39:56.03175+00,macron,7141359641073667333,üá®üáµ ‚ù§ üá¨üáß #Queen #Elisabeth #Macron #Hollande ,3611,319400,1800000,5942,https://v16-webapp.tiktok.com/574ce02a4454c8e9f88dc38dc199dd51/63319daa/video/tos/useast2a/tos-useast2a-ve-0068c001/8887dd4e64ac4cb6833db5a3d25fd5a6/?a=1988&ch=0&cr=0&dr=0&lr=tiktok_m&cd=0%7C0%7C1%7C0&cv=1&br=916&bt=458&cs=0&ds=3&ft=eXd.6H-qMyq8ZUl2Ehe2NQtoyl7Gb&mime_type=video_mp4&qs=0&rc=aDs7NGY2NTQ1OGY4Zzc8NkBpanI1NTo6ZmdtZjMzNzczM0AwMjAyNV9fNTExYV5iLmAzYSNxaS8xcjRfNGFgLS1kMTZzcw%3D%3D&l=2022092611395501019021820106041C39&btag=80000,Raoul Unpet,7011261120090964997,raoulunpet,50,17,1600000,20100,1600000,261
186,2022-09-26 11:39:57.124456+00,macron,7088714439561661701,"D√©j√† en 2017, c‚Äô√©tait difficile pour un √©lecteur de M√©lenchon de dire qu‚Äôil va voter Macron üò¨ #presidentielle2022 #macron #melenchon",4490,314900,2400000,9149,https://v16-webapp.tiktok.com/1115758831466bb0a712b98f54c8008e/63319db6/video/tos/useast2a/tos-useast2a-pve-0068/b53c3dcde4e44ba9923f0eceae581be5/?a=1988&ch=0&cr=0&dr=0&lr=tiktok_m&cd=0%7C0%7C1%7C0&cv=1&br=1062&bt=531&cs=0&ds=3&ft=eXd.6H-qMyq8Zrl2Ehe2NJZ3yl7Gb&mime_type=video_mp4&qs=0&rc=PDk1NWc3OzVlaDQ8ZTZlOEBpMzprbDQ6Zjw1PDMzNzczM0A2YTYwYy02NV8xMi0yLWJgYSMzYTMtcjRnbGRgLS1kMTZzcw%3D%3D&l=202209261139560102140290280C04A08D&btag=80000,Quotidien,6865272713831121925,qofficiel_tiktok,4,0,13100000,423800,13100000,399
187,2022-09-26 11:39:58.262724+00,macron,7030840280580410630,Pourquoi Emmanuel #Macron a chang√© le bleu du drapeau #fran√ßais üá´üá∑ #patrimoine #R√©publique #TiktokAcademie,3900,309200,3300000,4834,https://v16-webapp.tiktok.com/b2292e91448820afe00bc5a5260c0886/63319dd3/video/tos/useast2a/tos-useast2a-ve-0068c002/db517c805da54f9e8f62698a27fada0a/?a=1988&ch=0&cr=0&dr=0&lr=tiktok_m&cd=0%7C0%7C1%7C0&cv=1&br=1792&bt=896&cs=0&ds=3&ft=eXd.6H-qMyq8Zol2Ehe2NwbAol7Gb&mime_type=video_mp4&qs=0&rc=aTw1O2Q4O2k3ODk0ZztoN0BpM2VvZWk6Znc7OTMzNzczM0AyYDMxNjQyNTExMGEyXl4zYSMwNi5ycjRnczZgLS1kMTZzcw%3D%3D&l=202209261139570102170950830B04209A&btag=80000,Franceinfo,6883505724841935874,franceinfo,8,25,8300000,394800,8300000,658
188,2022-09-26 11:39:59.457994+00,macron,6895737895685016833,Je vous r√©v√®le les futurs restrictions en fin de vid√©o ! üòÖüò± #macron #veran #complotiste #complot #gouvernement #humour #blague #videodrole #covid19,1181,306400,1600000,4225,https://v16-webapp.tiktok.com/f9723ee8811828b72c1775048ad240db/63319dd9/video/tos/alisg/tos-alisg-pve-0037c001/881fe24d14624862a426cca6b92b9278/?a=1988&ch=0&cr=0&dr=0&lr=tiktok_m&cd=0%7C0%7C0%7C0&cv=1&br=870&bt=435&cs=0&ds=6&ft=eXd.6H-qMyq8Zkl2Ehe2NuCoyl7Gb&mime_type=video_mp4&qs=5&rc=O2dpOGY1NzVkO2lkMzc5ZEBpM3RoPHE3cTM8eDMzOzczM0BiYi4yYTZfXl4xNjIuYC0uYSMuaXJvXzFyNW1fLS02MTRzcw%3D%3D&l=202209261139590102140290280C04A1A7&btag=80000,STIGMATE,6810741614165984262,le_stigmate,4344,113,6700000,366800,6700000,159
189,2022-09-26 11:40:00.619534+00,macron,7088814095197031685,#Macron #LePen #DebatMacronLePen,4359,303100,4800000,25900000,https://v16-webapp.tiktok.com/6ccb60ea967b99734ead4b77648197e5/63319da7/video/tos/useast2a/tos-useast2a-pve-0068/6c55da9f9d0a41d5b6e31a7b7280f91c/?a=1988&ch=0&cr=0&dr=0&lr=tiktok_m&cd=0%7C0%7C1%7C0&cv=1&br=928&bt=464&cs=0&ds=3&ft=eXd.6H-qMyq8Z7l2Ehe2NZkTyl7Gb&mime_type=video_mp4&qs=0&rc=MzxoZjg7ZjM2PGU2OTo1ZkBpMzh2M2c6ZnA7PDMzNzczM0A2YjEyYDQ2NTExNV8vNF9hYSMuMl8tcjRnYWRgLS1kMTZzcw%3D%3D&l=202209261140000102170840241804539B&btag=80000,Jean-Luc M√©lenchon,6688169240220582917,jlmelenchon,201,19,30700000,2000000,30700000,304
190,2022-09-26 11:40:02.004266+00,macron,7109954422033140997,–ê –≤—ñ–Ω –≤—ñ—Ä–∏–≤‚Ä¶ #—É–∫—Ä–∞—ó–Ω–∞üá∫üá¶ #–∑–µ–ª–µ–Ω—Å—å–∫–∏–π #zelensky #macron #–ø–µ—Ä–µ–º–æ–≥–∞–∑–∞–Ω–∞–º–∏üíôüíõüí™ #–ø—É—Ç—ñ–Ω—Ö—É–π–ª–æüî¥‚ö´üá∫üá¶ #warinukraine,4135,300900,2400000,9402,https://v16-webapp.tiktok.com/59ab9948d610daefd6474ab9185c1cc7/63319daa/video/tos/useast2a/tos-useast2a-ve-0068c001/8c49bce1237a4a45b88d4fa75733faa7/?a=1988&ch=0&cr=0&dr=0&lr=tiktok_m&cd=0%7C0%7C1%7C0&cv=1&br=852&bt=426&cs=0&ds=3&ft=eXd.6H-qMyq8Z6l2Ehe2NHcTyl7Gb&mime_type=video_mp4&qs=0&rc=aGU8Nzk4PDw6aDVlNTo8NEBpM3FuOjk6ZnF0ZDMzNzczM0AwXjEzNS4wNV8xNi9fM2ExYSNxci8tcjRvMGlgLS1kMTZzcw%3D%3D&l=2022092611400101021708402418045427&btag=80000,Malanixs,6746543321769313286,malanixs,117200,359,490300,4848,490300,272
191,2022-09-26 11:40:03.247+00,macron,7107260391448677637,"""Il est o√π M√©lenchon ?"" #Macron #M√©lenchon #Enfant #D√©gage",4511,299400,2700000,9754,https://v16-webapp.tiktok.com/5fb49d0ec255fa3997cd2aa11368709e/63319dac/video/tos/useast2a/tos-useast2a-ve-0068c003/7650d2c755b647e4916682f675a2d0e2/?a=1988&ch=0&cr=0&dr=0&lr=tiktok_m&cd=0%7C0%7C1%7C0&cv=1&br=2340&bt=1170&cs=0&ds=3&ft=eXd.6H-qMyq8Zil2Ehe2NEewyl7Gb&mime_type=video_mp4&qs=0&rc=PDppZWdmNDlpMzhoaTNlN0BpMzQ1Omk6ZmgzZDMzNzgzM0AwL2JjMDMyXy0xLjJgMGA0YSMubzJocjRvcmVgLS1kLzZzcw%3D%3D&l=2022092611400201021708402418045517&btag=80000,Glupatate,6934788968353940486,glupatate,817,65,6300000,139900,6300000,203
192,2022-09-26 11:40:04.347193+00,macron,7062051901298412846,#France‚Äôs #Macron met with #Putin in #Moscow in an attempt to defuse tensions over #Ukraine ‚Äî #WorldNews #Russia #NATO,9534,296300,7700000,5494,https://v16-webapp.tiktok.com/44a41a136df691aed1253b7b15bde8d3/63319dd9/video/tos/maliva/tos-maliva-ve-0068c799-us/bdb24b05c7cc41dca49a3c3554b72b57/?a=1988&ch=0&cr=0&dr=0&lr=tiktok_m&cd=0%7C0%7C1%7C0&cv=1&br=1168&bt=584&cs=0&ds=3&ft=eXd.6H-qMyq8ZWl2Ehe2N.aeyl7Gb&mime_type=video_mp4&qs=0&rc=OTQ6ODY8NzwzN2lpPGRmOEBpamxnZDs6ZjxxOzMzZzczNEAuYGBhMDQwXy4xMzViXjMzYSMyMW5gcjRfMi1gLS1kMS9zcw%3D%3D&l=202209261140040102170950830B042390&btag=80000,Bloomberg Quicktake,6920331616390022150,quicktake,146,89,10100000,255800,10100000,1051
193,2022-09-26 11:40:05.469697+00,macron,6980775073749748997,le crop top interdit #croptop #feminin #macron #melenchon #viral_video #sexism #politique #interdit #scandal #habit #vetement #honte #femmes,18100,294500,1500000,4804,https://v16-webapp.tiktok.com/7f8bc6e86dc61c9b97c50f963e469431/63319dde/video/tos/useast2a/tos-useast2a-ve-0068c004/826a0471c14c40ff8df33134986ad0e7/?a=1988&ch=0&cr=0&dr=0&lr=tiktok_m&cd=0%7C0%7C1%7C0&cv=1&br=486&bt=243&cs=0&ds=3&ft=eXd.6H-qMyq8Zzl2Ehe2NwbAol7Gb&mime_type=video_mp4&qs=0&rc=aGVkZTU6ZTU7N2ZlaDxlZEBpanBnbGt2NnNlNjMzNzczM0AyLjMyLTBhNWIxYjMtYTQwYSNfLTZzMjAzMGRgLS1kMTZzcw%3D%3D&l=202209261140050102170950830B042437&btag=80000,jojolabelette,6882730377388999686,djojolabelette,9038,753,5300000,153600,5300000,1296
194,2022-09-26 11:40:06.561822+00,macron,7044598835439471877,#angelamerkel #merkel #deutschland #france #frankreich #macron #francais #allemand #deutsch #mamamerkel,2846,291700,2900000,6464,https://v16-webapp.tiktok.com/d3141874decc9baafe7f24f21a58a02c/63319db6/video/tos/useast2a/tos-useast2a-pve-0068/76dfdbefeb4844cab1f07bde2da1407d/?a=1988&ch=0&cr=0&dr=0&lr=tiktok_m&cd=0%7C0%7C1%7C0&cv=1&br=680&bt=340&cs=0&ds=3&ft=eXd.6H-qMyq8Ztl2Ehe2NFJ6yl7Gb&mime_type=video_mp4&qs=0&rc=ZDM8ZGU3PGVoODkzO2k5PEBpam43Omc6ZmxxOjMzNzczM0BjXzAyMi02NjMxNTE0Xi5iYSMyNTJhcjRvLy5gLS1kMTZzcw%3D%3D&l=202209261140060102170950830B0424BA&btag=80000,BestOfPolitiker.innen,6967841787416691717,bestofpolitiker.innen,782,6,392000,5093,392000,7
195,2022-09-26 11:40:07.572305+00,macron,7070552248635378949,Imitons tous notre Manu national üòÇüá´üá∑ #humour #mdr #imitation #macron #drole #jpp #comedy #impression #lol #blague,2632,285700,2000000,5489,https://v16-webapp.tiktok.com/dbe2e3e3ca71734b2ea8571fe7eac9bf/63319ddc/video/tos/useast2a/tos-useast2a-ve-0068c004/b18983a22f8840ba9b610d7a1d35713b/?a=1988&ch=0&cr=0&dr=0&lr=tiktok_m&cd=0%7C0%7C1%7C0&cv=1&br=1606&bt=803&cs=0&ds=3&ft=eXd.6H-qMyq8ZVl2Ehe2Nldwyl7Gb&mime_type=video_mp4&qs=0&rc=ZTZmNGU0Z2U6aGlmZGQ5ZEBpMzQ3Njo6ZnF0OzMzNzczM0BgYF9fMC5gXjAxLy80YjZeYSNlbmc2cjRnXmNgLS1kMTZzcw%3D%3D&l=202209261140070102170950830B04251D&btag=80000,Vincent Seroussi,6912955085845578754,vincent_seroussi,1756,55,3000000,107100,3000000,81
196,2022-09-26 11:40:08.653347+00,macron,7089077184559598853,le d√©bat en 30 secondes üò≠üò≠ #debat #debatmacronlepen #macron #lepen #presidentielle2022,4402,285500,1600000,5178,https://v16-webapp.tiktok.com/c5e161b69adbb3d2d09b8dffcbdb77ac/63319dc3/video/tos/useast2a/tos-useast2a-ve-0068c003/e833b613fb274347a916e66925fbb857/?a=1988&ch=0&cr=0&dr=0&lr=tiktok_m&cd=0%7C0%7C1%7C0&cv=1&br=1574&bt=787&cs=0&ds=3&ft=eXd.6H-qMyq8ZDl2Ehe2Nldwyl7Gb&mime_type=video_mp4&qs=0&rc=ZjYzZ2VnaTRnaTM3ZDw7ZkBpamdqZTs6ZjRxPDMzNzczM0BhNGJjNC5jNjIxLl42YjMxYSMuM2ljcjRnX2RgLS1kMTZzcw%3D%3D&l=202209261140080102170950830B042573&btag=80000,best_of_politique,6994810297912591365,best_of_politique,3352,1,4900000,104300,4900000,148
197,2022-09-26 11:40:09.812808+00,macron,6824389435174505734,Stade 3: ¬´¬†Un put*** de g√©nie¬†¬ª ( √©coutes tout le raisonnement üòÜ) #covid19 #pourtoi #coronavirus #macron #restecheztoi #masque #voile #loi #ptp,1962,285500,2100000,44200,https://v16-webapp.tiktok.com/5462d66721988a34a1f2b9c254e6db68/63319dd2/video/tos/useast2a/tos-useast2a-pve-0068/18a341d454b6461f9b2aee0e7767bcdf/?a=1988&ch=0&cr=0&dr=0&lr=tiktok_m&cd=0%7C0%7C1%7C0&cv=1&br=2300&bt=1150&cs=0&ds=3&ft=eXd.6H-qMyq8Zel2Ehe2NFceyl7Gb&mime_type=video_mp4&qs=0&rc=ZTVkNTVlZjM5PGhoNWhkO0BpMzpsNHE6bjVrdDMzNjczM0A2NjUvYTZgNTAxMjVfLjUuYSNxXzQzX2VfaG5fLS1eMTZzcw%3D%3D&l=202209261140090102170950830B0425F4&btag=80000,Otiisandjoy,6796678463979930630,otiisandjoy,5485,67,2700000,189900,2700000,513
198,2022-09-26 11:40:10.902332+00,macron,7085784115475270917,"Je pr√©cise quand m√™me que cette vid√©o ne refl√®te en rien un choix politique, √ßa m‚Äôa juste termin√© ü§£ü§£ #clash #macron #haagrah",4423,285400,2000000,4460,https://v16-webapp.tiktok.com/6f1ad12150d0e673dd3d5512c3502ee2/63319dbb/video/tos/useast2a/tos-useast2a-ve-0068c003/0863f1be5b3c4a3587e0729aa51f1c63/?a=1988&ch=0&cr=0&dr=0&lr=tiktok_m&cd=0%7C0%7C1%7C0&cv=1&br=1350&bt=675&cs=0&ds=3&ft=eXd.6H-qMyq8ZOl2Ehe2Nwk0yl7Gb&mime_type=video_mp4&qs=0&rc=OGQ2N2loaTs5Zzk1OTo8OUBpM2Q8ZDo6Zjl2PDMzNzczM0A2MC9iMF9eXmMxY2NfNGFjYSMvbHFfcjRfM15gLS1kMTZzcw%3D%3D&l=202209261140100102170950830B042681&btag=80000,Best of et humour,6843001969414898693,mxked_,68,0,1300000,24700,1300000,60
199,2022-09-26 11:40:12.036676+00,macron,7066042475655335174,#macron #lepen #presidentielle2022 #politique #presidentielle,4291,284700,3600000,3269,https://v16-webapp.tiktok.com/c0c271dd9e3b351f06c6c78e7ee79100/63319ddc/video/tos/useast2a/tos-useast2a-ve-0068c004/bc31237cc5f642a5923806e9bddac6f3/?a=1988&ch=0&cr=0&dr=0&lr=tiktok_m&cd=0%7C0%7C1%7C0&cv=1&br=866&bt=433&cs=0&ds=3&ft=eXd.6H-qMyq8Zwl2Ehe2NlAeyl7Gb&mime_type=video_mp4&qs=0&rc=aTY6ZGZpNTxnZmVmNDU7ZUBpamd5ZDk6ZmV0OzMzNzczM0BhXy8zYi0vNjYxYWBgNTZfYSNgM2QxcjRnLTRgLS1kMTZzcw%3D%3D&l=202209261140110102170950830B0426E3&btag=80000,politique.en.france,7048286464438666246,politique.en.france,4149,130,807700,13200,807700,44
200,2022-09-26 11:40:13.074447+00,macron,6947229010938088709,Discours Macron version honn√™te üëÄ #YTP #macron #macron20h,16900,284100,1800000,26000,https://v16-webapp.tiktok.com/099a27a70b03a840da25d295e9203beb/63319de1/video/tos/useast2a/tos-useast2a-ve-0068c003/a064efc0e441456592d75d30b16c61f6/?a=1988&ch=0&cr=0&dr=0&lr=tiktok_m&cd=0%7C0%7C1%7C0&cv=1&br=582&bt=291&cs=0&ds=3&ft=eXd.6H-qMyq8Z2l2Ehe2N-ewyl7Gb&mime_type=video_mp4&qs=0&rc=NDVkaTs5OTMzaGZpZjw2OkBpajx5b2l1c3lyNDMzNzczM0BgY18wMGAyNTExMTM0YzMwYSNxbnJvcDUtNGhgLS1kMTZzcw%3D%3D&l=202209261140120102170950830B042751&btag=80000,Remix Pantoufle,6838534452357399558,remixpantoufle,64,46,440100,27000,440100,13
201,2022-09-26 11:40:14.123461+00,macron,7074306419511676162,#macron #alpha #omega #fyp,5823,282200,1800000,4609,https://v16-webapp.tiktok.com/81ae32e42025f66ef9b23b0ad623e5f3/63319db6/video/tos/alisg/tos-alisg-pve-0037/df63069e6c274be89c310a00062d37fb/?a=1988&ch=0&cr=0&dr=0&lr=tiktok&cd=0%7C0%7C1%7C0&cv=1&br=1418&bt=709&cs=0&ds=3&ft=eXd.6H-qMyq8Zql2Ehe2NE90yl7Gb&mime_type=video_mp4&qs=0&rc=NmYzODc2ZDxpOGkzZGk4NEBpamh1bmg6Zm1pOzMzODgzNEAzNjAuX2FeNl8xNC5fL19iYSNvZTJzcjRfampgLS1kLy1zcw%3D%3D&l=20220926114013010223084049210464B0&btag=80000,–ê–ª–∏—Å–∞,6824801216863667206,alissabreak,152800,304,3800000,21600,3800000,239
202,2022-09-26 11:40:15.542474+00,macron,7046843542584511749,C‚Äôest des oufs üòÇ #covid #macron #humour,3181,280300,2000000,12800,https://v16-webapp.tiktok.com/bef28844f27fc976ebc3d60a559750ab/63319ddd/video/tos/maliva/tos-maliva-ve-0068c800-us/a2737dbd0791421f89cfac7dfb52838e/?a=1988&ch=0&cr=0&dr=0&lr=tiktok_m&cd=0%7C0%7C1%7C0&cv=1&br=2704&bt=1352&cs=0&ds=3&ft=eXd.6H-qMyq8ZBl2Ehe2NjZJyl7Gb&mime_type=video_mp4&qs=0&rc=NGg6OzZkMzhoO2RkOGQ0NUBpanFnOTg6ZnBwOjMzNzczM0A1Y140MGBjXmIxNGItYGE2YSNlamplcjQwaTJgLS1kMTZzcw%3D%3D&l=202209261140140101902192020D040FA0&btag=80000,nino Arial,309874710526382080,ninoarial,326,63,24700000,1100000,24700000,291
203,2022-09-26 11:40:16.614228+00,macron,6888802066093886721,As a Christian imma back my Muslim brothers and sisters ‚úùÔ∏è‚ù§Ô∏è‚ò™Ô∏è #islam #muslim #myally #boycotfrance #macron #fyp,11800,275000,1200000,12000,https://v16-webapp.tiktok.com/6d0ef4ac3eaa5f25d4e4eb859214d798/63319dcc/video/tos/alisg/tos-alisg-pve-0037c001/23034fb19a7948eaa2c78c42be1ed9ca/?a=1988&ch=0&cr=0&dr=0&lr=tiktok_m&cd=0%7C0%7C1%7C0&cv=1&br=3636&bt=1818&cs=0&ds=3&ft=eXd.6H-qMyq8Z5l2Ehe2NO3oyl7Gb&mime_type=video_mp4&qs=0&rc=PDk7OzplOGkzZGZoZ2UzPEBpM3h1c2Q3b3h5eDMzZzczM0BhNTY1NDEtNS0xMC02YTZeYSNeY2ZtaW0uLmBfLS1hMTRzcw%3D%3D&l=20220926114016010223084049210465D2&btag=80000,JJ,6820461451909907462,jjdreamss,16200,106,16600000,235100,16600000,667
204,2022-09-26 11:40:17.640964+00,macron,7109139620293594373,#politique #üá´üá∑ #france #macron #biden #usa #eu #pourtoi #foryou #joseph #us,2532,273400,2200000,1055,https://v16-webapp.tiktok.com/f14557407f12e142bd30c8b1d13196ea/63319dc4/video/tos/useast2a/tos-useast2a-ve-0068c001/06b7a3421cf94acd9454bf36faec058d/?a=1988&ch=0&cr=0&dr=0&lr=tiktok_m&cd=0%7C0%7C1%7C0&cv=1&br=1120&bt=560&cs=0&ds=3&ft=eXd.6H-qMyq8ZXl2Ehe2NlXwyl7Gb&mime_type=video_mp4&qs=0&rc=OWk3O2Q0NzZoOjloZTs1O0Bpand1dmQ6ZmtlZDMzNzczM0AxYi4tYjRgX18xNi5gYzBfYSMwYS5ncjRnbGhgLS1kMTZzcw%3D%3D&l=2022092611401701021709508322045205&btag=80000,PoliticoFrance,6992219404105008134,politicofrance,304,5,465700,7896,465700,231
205,2022-09-26 11:40:18.726588+00,macron,7080450514361617669,¬´¬†Il ne me reste rien pour vivre¬†¬ª: le cri de d√©tresse de ce Fran√ßais face √† Emmanuel Macron #macron #candidat #president #presidentielle2022 #election #dijon #pouvoirdachat,10700,268200,5600000,25200,https://v16-webapp.tiktok.com/e9cd001b60b513f22a3f8b5e1b70de12/63319de9/video/tos/useast2a/tos-useast2a-ve-0068c001/0ebf77edae58475292025d439fb6f289/?a=1988&ch=0&cr=0&dr=0&lr=tiktok_m&cd=0%7C0%7C1%7C0&cv=1&br=2880&bt=1440&cs=0&ds=3&ft=eXd.6H-qMyq8Zjl2Ehe2NwPwyl7Gb&mime_type=video_mp4&qs=0&rc=NjY3ZTU6OjM7ZzVpPDtmaEBpamZ5b2g6ZmhnPDMzNzczM0AyM14wMWEyNmMxNi5eNTEvYSM1ZGo1cjQwLS5gLS1kMTZzcw%3D%3D&l=20220926114018010223084049210466C2&btag=80000,BFMTV,6656770491291811846,bfmtv,63,7,10300000,592500,10300000,905
206,2022-09-26 11:40:19.720457+00,macron,6991512375635479814,quel vie de Merd.... #restaurant #passsanitaire #covid19 #macron #viral_video #revolution #honte #dictature #vaccin #dose #liberte,3361,262700,4200000,6022,https://v16-webapp.tiktok.com/a5d69bf86cf9d63b5209bfeba0ca48ff/63319dcf/video/tos/useast2a/tos-useast2a-ve-0068c002/6f3f68edd4084592b4d09558cb835cd9/?a=1988&ch=0&cr=0&dr=0&lr=tiktok_m&cd=0%7C0%7C1%7C0&cv=1&br=1074&bt=537&cs=0&ds=3&ft=eXd.6H-qMyq8Znl2Ehe2Nylwyl7Gb&mime_type=video_mp4&qs=0&rc=ZDUzOmYzPDdnNjQ6Z2Q6O0BpM2t5ZjQ6ZnZnNzMzNzczM0AzLjA0XmAvNTQxMTJjYTEyYSNuanJfcjRvYjBgLS1kMTZzcw%3D%3D&l=20220926114019010217095083220452FA&btag=80000,jojolabelette,6882730377388999686,djojolabelette,9038,753,5300000,153600,5300000,1296
207,2022-09-26 11:40:20.740324+00,macron,7071127680871091458,sorry not sorry #emmanuelmacron #macron #–º–∞–∫—Ä–æ–Ω #—Ä–µ–∫ #fyp,2338,262600,1600000,7361,https://v16-webapp.tiktok.com/bc826fd50093652f31716d8c6ac2c044/63319dc0/video/tos/alisg/tos-alisg-pve-0037c001/c0ed112540264e929cc83a5d9f12567b/?a=1988&ch=0&cr=0&dr=0&lr=tiktok_m&cd=0%7C0%7C1%7C0&cv=1&br=720&bt=360&cs=0&ds=3&ft=eXd.6H-qMyq8Z~l2Ehe2NfE0yl7Gb&mime_type=video_mp4&qs=0&rc=ODY5NWkzZWVnNTZnZzs1O0BpM3g8eWg6Zjl1OzMzODczNEBhNC9eLl5fX18xMi81NGMwYSMwcWlmcjRvL2RgLS1kMS1zcw%3D%3D&l=202209261140200101902192020D041112&btag=80000,editsycn,6900647861328151553,editsycn,6667,38,1400000,13800,1400000,85
208,2022-09-26 11:40:22.257833+00,macron,7085546094511361285,üíîüíîüíîüíîüíî                                                                #macron #president #presidentielle2022,5208,260600,1400000,4577,https://v16-webapp.tiktok.com/28b20d621ba4a9c83c11f474899647a2/63319dd2/video/tos/useast2a/tos-useast2a-ve-0068c001/0de5b6c68e9e4f9991117b4faf05ff49/?a=1988&ch=0&cr=0&dr=0&lr=tiktok_m&cd=0%7C0%7C1%7C0&cv=1&br=788&bt=394&cs=0&ds=3&ft=eXd.6H-qMyq8ZFl2Ehe2Ne2jyl7Gb&mime_type=video_mp4&qs=0&rc=NWQ7OjRlOmRlOzc5Zjg6ZUBpajc2N2Q6ZnVoPDMzNzczM0BiLWNgMjAwNi8xLS00LjYuYSM0MXMzcjRfZ15gLS1kMTZzcw%3D%3D&l=2022092611402101022308404921046862&btag=80000,marine,6820730416460268550,marinesayer,24700,539,282100,1483,282100,2
209,2022-09-26 11:40:23.30508+00,macron,6972187555815001350,√áa marche tellement bien avec ce film ü§£ü§£ü§£ #macron #cauet #humour,2868,260000,3900000,20500,https://v16-webapp.tiktok.com/645713cdcf665e270bed764199437f25/63319dc6/video/tos/maliva/tos-maliva-ve-0068c800-us/90f19bc2ce834cc6a8cbe4f5e409bb9b/?a=1988&ch=0&cr=0&dr=0&lr=tiktok_m&cd=0%7C0%7C1%7C0&cv=1&br=3502&bt=1751&cs=0&ds=3&ft=eXd.6H-qMyq8Zcl2Ehe2Nfdwyl7Gb&mime_type=video_mp4&qs=0&rc=OmlmZjRlZzVpNTkzOzg7OUBpajh1Z21pdTw1NjMzNzczM0BjYzBfNS4xXi0xLTRgL2JhYSNhXnBgaWE1cy5gLS1kMTZzcw%3D%3D&l=202209261140220102170950832204543A&btag=80000,Cauet,6753166804367901701,cauetofficiel,200,18,31000000,2000000,31000000,375
210,2022-09-26 11:40:24.389829+00,macron,6934475359555439878,regarde jusqu'√† la fin ! je suis mort üòÇüòÇ #macron #president #pourtoi #mdr #politique #humiliation,3645,254300,1900000,8051,https://v16-webapp.tiktok.com/5c0f19d3fbcd914a0993908a9f09b540/63319dda/video/tos/useast2a/tos-useast2a-ve-0068c003/5a4a2846c54f46e3a51fc1e49f349497/?a=1988&ch=0&cr=0&dr=0&lr=tiktok_m&cd=0%7C0%7C1%7C0&cv=1&br=402&bt=201&cs=0&ds=3&ft=eXd.6H-qMyq8Z_l2Ehe2NFJ6yl7Gb&mime_type=video_mp4&qs=0&rc=aTc2N2ZmODw1Z2VnN2U1NUBpM3lzNzRwdmk2MzMzOzczM0A2NWMvMWFfX2AxXl5eLmFhYSNzaDZkZS1yNXJgLS0xMTZzcw%3D%3D&l=202209261140240102230840492104694D&btag=80000,user1288738752629,6934386649422824454,bestof_replaytv,28,0,320300,9406,320300,25
211,2022-09-26 11:40:25.351574+00,macron,6859845475118370054,Et oui mes chers compatriotes je r√©pond √† toute vos questions ! M√™me les plus indiscret üòÜ#humour#brigitte#macron#thug#funnyvideos#brigittelesang#fun#,7917,251300,1700000,14600,https://v16-webapp.tiktok.com/7044123a1f7628bde72ef8faa5e2da3b/63319dc9/video/tos/useast2a/tos-useast2a-ve-0068c001/82a71906d53e438c95f205534b484094/?a=1988&ch=0&cr=0&dr=0&lr=tiktok_m&cd=0%7C0%7C1%7C0&cv=1&br=1422&bt=711&cs=0&ds=3&ft=eXd.6H-qMyq8Zvl2Ehe2N~Qayl7Gb&mime_type=video_mp4&qs=0&rc=Ojg2aTRlNWZlZzs2Zzc5N0Bpand0NmxpaTprdjMzNzczM0BhXl42MmIvXzExNmMxYS4xYSNraXFmNV9gL21fLS02MTZzcw%3D%3D&l=20220926114025010223084049210469A4&btag=80000,Macron&Brigitte,6822177977641714694,macron_brigitte_forever,991,2,334200,7932,334200,34
212,2022-09-26 11:40:26.381334+00,macron,6965506191833304326,La finü§£ #president #drolee #mdrrr #rir #hahaha #macron #youtube #fy #pourtoiii #pourmoi #ü§£ü§£ü§£,3128,249900,1400000,1596,https://v16-webapp.tiktok.com/7d4124e7e2608381511dbee2ca8706f0/63319dce/video/tos/maliva/tos-maliva-ve-0068c800-us/8855ac8566da4a899ee2393fa84bc133/?a=1988&ch=0&cr=0&dr=0&lr=tiktok_m&cd=0%7C0%7C1%7C0&cv=1&br=2276&bt=1138&cs=0&ds=3&ft=eXd.6H-qMyq8ZJl2Ehe2N9H3yl7Gb&mime_type=video_mp4&qs=0&rc=NWg2aDs8aTY0aWc5PDQ4Z0BpMzM2dnV2PGw6NTMzNzczM0BjXl41YzAzXmIxL2IuXy5iYSNwbGNrc2wzMWlgLS1kMTZzcw%3D%3D&l=202209261140260101902180660C0484C5&btag=80000,Mert Gungor,6647518213327847429,arouf_a_eu_son_bac,3693,139,5100000,156300,5100000,196
213,2022-09-26 11:40:27.385479+00,macron,7017851722265611525,La partie 2. Il a r√©ussi √† faire illusion aupr√®s de tout le monde !! üò±üëÄ #pourtoi #fyp #macron #france #action #republique #avc #sarkozy,440,249700,4000000,454,https://v16-webapp.tiktok.com/d47ee81b702234447cf04f1ba0619108/63319def/video/tos/maliva/tos-maliva-ve-0068c800-us/0f242042632c460c913918416f4065c6/?a=1988&ch=0&cr=0&dr=0&lr=tiktok_m&cd=0%7C0%7C1%7C0&cv=1&br=858&bt=429&cs=0&ds=3&ft=eXd.6H-qMyq8Zxl2Ehe2NlAeyl7Gb&mime_type=video_mp4&qs=0&rc=OWY8NjtkaGU5N2U1ZGlmZ0BpamQ7eTM6Zm85ODMzNzczM0AxLTRgLS8tNmIxLjZjLzQxYSM1Li9ocjRnaWZgLS1kMTZzcw%3D%3D&l=20220926114027010217095083220455BD&btag=80000,La 6e R√©publique üá´üá∑‚öúÔ∏è,7010452776652833798,la6erepublique,107,23,336900,10300,336900,9
214,2022-09-26 11:40:28.403317+00,macron,6959590941728591110,#ForYou #humour #macron #anglais #school #fyp,11900,248900,1700000,8001,https://v16-webapp.tiktok.com/6f8eddec1cd87c94820a2dd765a7e611/63319dc4/video/tos/useast2a/tos-useast2a-pve-0068/48e1b56c980b4db1a2ba1e178b915a93/?a=1988&ch=0&cr=0&dr=0&lr=tiktok_m&cd=0%7C0%7C1%7C0&cv=1&br=1488&bt=744&cs=0&ds=3&ft=eXd.6H-qMyq8Zyl2Ehe2N7mwyl7Gb&mime_type=video_mp4&qs=0&rc=Ozs0OjwzZjo2ZmdpZGg5OkBpM2c1czY8ZDNwNTMzNzczM0AtLjQ0YGEtNV8xXy9fYy8yYSNkazQyM2lmcV5gLS1kMTZzcw%3D%3D&l=202209261140280101902192020D04137C&btag=80000,videofundrole,6959579384571954181,videofundrole,490,0,587800,48900,587800,7
215,2022-09-26 11:40:29.501849+00,macron,6971530691431451909,ONE LIFE QUOII üòÇ  #viral #macron #president #foryou #macrongifle #politique #choque,5443,248400,1700000,3736,https://v16-webapp.tiktok.com/9dd16793ee185c39deb15586cfc04bfa/63319df2/video/tos/useast2a/tos-useast2a-ve-0068c002/9f8883c87b2c48efbb8777d12971ce02/?a=1988&ch=0&cr=0&dr=0&lr=tiktok_m&cd=0%7C0%7C1%7C0&cv=1&br=1226&bt=613&cs=0&ds=3&ft=eXd.6H-qMyq8ZQl2Ehe2NXPwyl7Gb&mime_type=video_mp4&qs=0&rc=OTRlNzc2ZjZnOGY6ZDg3OUBpanI1bXBtb3Z3NTMzNzczM0AuLS42NS5hXmExYWNeMWA2YSMzc21waDFqZ3NgLS1kMTZzcw%3D%3D&l=202209261140290101902180660C048682&btag=80000,Ndjiana,6805627488880182277,ndjiana,24700,490,949300,14000,949300,22
216,2022-09-26 11:40:30.773308+00,macron,7110224972185963781,"–ë–æ—Ä–∏—Å–µ, –≤—Å–µ –ø—Ä–∞–≤–∏–ª—å–Ω–æ! üòÅüî• #–¥–∂–æ–Ω—Å–æ–Ω #–±–æ—Ä–∏—Å–¥–∂–æ–Ω—Å–æ–Ω #–∑–µ–ª–µ–Ω—Å—å–∫–∏–π #–º–∞–∫—Ä–æ–Ω #–≤–æ–ª–æ–¥–∏–º–∏—Ä–∑–µ–ª–µ–Ω—Å—å–∫–∏–π #—Å–ª–∞–≤–∞—É–∫—Ä–∞—ó–Ω—ñ #johnson #macron #zelensky",1118,245600,1600000,2740,https://v16-webapp.tiktok.com/de6cd1081b8985db52baa11c028a45f0/63319dc6/video/tos/useast2a/tos-useast2a-ve-0068c004/e78fe38b3fa34a9f917ca5f2330f315d/?a=1988&ch=0&cr=0&dr=0&lr=tiktok_m&cd=0%7C0%7C1%7C0&cv=1&br=894&bt=447&cs=0&ds=3&ft=eXd.6H-qMyq8ZMl2Ehe2Ne2jyl7Gb&mime_type=video_mp4&qs=0&rc=ZDtlOGgzOjVkaDg3N2Q5aUBpM2g6cWU6ZnY8ZDMzNzczM0BjYDNeNjFgNS0xLWEzMV5eYSNwMmFlcjQwY2pgLS1kMTZzcw%3D%3D&l=202209261140300101902180660C048708&btag=80000,TRIBUNA UKRAINE,6840074554812793861,tribuna.ua,1098,20,3400000,45100,3400000,731
217,2022-09-26 11:40:31.855046+00,macron,7063413290080259334,#france #russia #putin #macron #pcr,3737,241900,3100000,2894,https://v16-webapp.tiktok.com/ab1f642b57596c602305090222c655e5/63319dcf/video/tos/useast2a/tos-useast2a-ve-0068c004/3a481f3ee31c48dabecd09cffebe97db/?a=1988&ch=0&cr=0&dr=0&lr=tiktok_m&cd=0%7C0%7C1%7C0&cv=1&br=1480&bt=740&cs=0&ds=3&ft=eXd.6H-qMyq8ZIl2Ehe2NJf4yl7Gb&mime_type=video_mp4&qs=0&rc=aTpnO2hnaWhkOWk0Njk8NUBpM2R3dTQ6ZmQ3OzMzNzczM0A1LzYwNDYwNjMxXi8xMC81YSNxNGQucjRfYDBgLS1kMTZzcw%3D%3D&l=202209261140310101902180660C0487C4&btag=80000,Max Foster - news journalist,6749951519867028486,maxfostercnn,6363,81,50900000,918100,50900000,708
218,2022-09-26 11:40:33.262037+00,macron,6949440755899452678,#elysee #macron #repost #reportage #incredible #fr #france #palais #foryou#pourtoi #fyp„Ç∑ #fyp #pt #fypage #omg #waitforit #üò±,686,241400,2300000,410,https://v16-webapp.tiktok.com/c4d2702222e9127dd54b4aa914503426/63319dfb/video/tos/useast2a/tos-useast2a-pve-0068/5ae8824606fb4f81b2e41f9be4c6d2a7/?a=1988&ch=0&cr=0&dr=0&lr=tiktok_m&cd=0%7C0%7C1%7C0&cv=1&br=878&bt=439&cs=0&ds=3&ft=eXd.6H-qMyq8Zhl2Ehe2Npr3yl7Gb&mime_type=video_mp4&qs=0&rc=OjtoZTppNDo7O2g5aDc3O0BpM2lwMzo5OTRvNDMzNzczM0A1YzEyYC4uNTUxMjVgLTExYSNhcDJtYWtuc2xgLS1kMTZzcw%3D%3D&l=202209261140320101902180660C048855&btag=80000,M√âDIA REPOST üöÄ,6946908386429830149,media.repost,12000,2,1300000,34800,1300000,240
